id,name,year,latitude,longitude,city,cuisine,price,url
1,Kilian Stuba,2019,47.34858,10.17114,Kleinwalsertal,Creative,$$$$$,https://guide.michelin.com/at/en/vorarlberg/kleinwalsertal/restaurant/kilian-stuba
2,Pfefferschiff,2019,47.83787,13.07917,Hallwang,Classic cuisine,$$$$$,https://guide.michelin.com/at/en/salzburg-region/hallwang/restaurant/pfefferschiff
3,Esszimmer,2019,47.80685,13.03409,Salzburg,Creative,$$$$$,https://guide.michelin.com/at/en/salzburg-region/salzburg/restaurant/esszimmer
4,Carpe Diem,2019,47.80001,13.04006,Salzburg,Market cuisine,$$$$$,https://guide.michelin.com/at/en/salzburg-region/salzburg/restaurant/carpe-diem
5,Edvard,2019,48.216503,16.36852,Wien,Modern cuisine,$$$$,https://guide.michelin.com/at/en/vienna/wien/restaurant/edvard
6,Das Loft,2019,48.21272,16.37931,Wien,Modern cuisine,$$$$$,https://guide.michelin.com/at/en/vienna/wien/restaurant/das-loft
7,Pramerl & the Wolf,2019,48.20945,16.37174,Wien,Creative,$$$$$,https://guide.michelin.com/at/en/vienna/wien/restaurant/pramerl-the-wolf
8,Walter Bauer,2019,48.20923,16.37672,Wien,Classic cuisine,$$$$$,https://guide.michelin.com/at/en/vienna/wien/restaurant/walter-bauer
9,SHIKI,2019,48.204067,16.37098,Wien,Japanese,$$$$$,https://guide.michelin.com/at/en/vienna/wien/restaurant/shiki
10,Tian,2019,48.20513,16.37456,Wien,Vegetarian,$$$$$,https://guide.michelin.com/at/en/vienna/wien/restaurant/tian
11,aend,2019,48.18957,16.34115,Wien,Modern cuisine,$$$$$,https://guide.michelin.com/at/en/vienna/wien/restaurant/aend
12,Le Ciel by Toni Mörwald,2019,48.20209,16.37156,Wien,Classic cuisine,$$$$$,https://guide.michelin.com/at/en/vienna/wien/restaurant/le-ciel-by-toni-morwald
13,Chez TJ,2019,37.39468,-122.08044,South San Francisco,Contemporary,$$$$,https://guide.michelin.com/us/en/california/south-san-francisco/restaurant/chez-tj
14,Protégé,2019,37.427853,-122.14362,South San Francisco,Contemporary,$$$,https://guide.michelin.com/us/en/california/south-san-francisco/restaurant/protege
15,Madera,2019,37.42014,-122.21151,San Francisco,Contemporary,$$$,https://guide.michelin.com/us/en/california/san-francisco/restaurant/madera
16,The Village Pub,2019,37.42897,-122.25178,San Francisco,Contemporary,$$$,https://guide.michelin.com/us/en/california/san-francisco/restaurant/the-village-pub
17,Plumed Horse,2019,37.25648,-122.03537,South San Francisco,Contemporary,$$$$,https://guide.michelin.com/us/en/california/south-san-francisco/restaurant/plumed-horse
18,Wakuriya,2019,37.52114,-122.3366,San Francisco,Japanese,$$$$,https://guide.michelin.com/us/en/california/san-francisco/restaurant/wakuriya
19,Sushi Yoshizumi,2019,37.565075,-122.3211,San Francisco,Japanese,$$$$,https://guide.michelin.com/us/en/california/san-francisco/restaurant/sushi-yoshizumi
20,Rasa,2019,37.577522,-122.345985,San Francisco,Indian,$$,https://guide.michelin.com/us/en/california/san-francisco/restaurant/rasa
21,Maum,2019,37.72669,-122.414215,South San Francisco,Korean,$$$$,https://guide.michelin.com/us/en/california/south-san-francisco/restaurant/maum
22,Al's Place,2019,37.748924,-122.42013,San Francisco,Californian,$$,https://guide.michelin.com/us/en/california/san-francisco/restaurant/al-s-place
23,Aster,2019,37.755054,-122.423134,San Francisco,Californian,$$$,https://guide.michelin.com/us/en/california/san-francisco/restaurant/aster
24,Omakase,2019,37.77077,-122.40298,San Francisco,Japanese,$$$$,https://guide.michelin.com/us/en/california/san-francisco/restaurant/omakase
25,Commonwealth,2019,37.761395,-122.41946,San Francisco,Contemporary,$$,https://guide.michelin.com/us/en/california/san-francisco/restaurant/commonwealth
26,Luce,2019,37.78194,-122.40498,San Francisco,Contemporary,$$$,https://guide.michelin.com/us/en/california/san-francisco/restaurant/luce
27,Birdsong,2019,37.779495,-122.41048,San Francisco,American,$$$$,https://guide.michelin.com/us/en/california/san-francisco/restaurant/birdsong
28,In Situ,2019,37.785633,-122.40113,San Francisco,International,$$$$,https://guide.michelin.com/us/en/california/san-francisco/restaurant/in-situ
29,Mourad,2019,37.78695,-122.39987,San Francisco,Moroccan,$$$,https://guide.michelin.com/us/en/california/san-francisco/restaurant/mourad
30,Hashiri,2019,37.783062,-122.40754,San Francisco,Japanese,$$$$,https://guide.michelin.com/us/en/california/san-francisco/restaurant/hashiri
31,Angler,2019,37.793167,-122.39213,San Francisco,Contemporary,$$$$,https://guide.michelin.com/us/en/california/san-francisco/restaurant/angler
32,Rich Table,2019,37.774914,-122.42271,San Francisco,Contemporary,$$$,https://guide.michelin.com/us/en/california/san-francisco/restaurant/rich-table
33,Kin Khao,2019,37.785267,-122.40951,San Francisco,Thai,$$,https://guide.michelin.com/us/en/california/san-francisco/restaurant/kin-khao
34,Michael Mina,2019,37.79349,-122.399574,San Francisco,Contemporary,$$$$,https://guide.michelin.com/us/en/california/san-francisco/restaurant/michael-mina
35,Sons & Daughters,2019,37.79037,-122.40917,San Francisco,Contemporary,$$$$,https://guide.michelin.com/us/en/california/san-francisco/restaurant/sons-daughters
36,Mister Jiu's,2019,37.79371,-122.406654,San Francisco,Chinese,$$$,https://guide.michelin.com/us/en/california/san-francisco/restaurant/mister-jius
37,Nico,2019,37.795803,-122.40333,San Francisco,Contemporary,$$$,https://guide.michelin.com/us/en/california/san-francisco/restaurant/nico
38,jū-ni,2019,37.77672,-122.43886,San Francisco,Japanese,$$$$,https://guide.michelin.com/us/en/california/san-francisco/restaurant/ju-ni
39,Keiko à Nob Hill,2019,37.793106,-122.41445,San Francisco,Fusion,$$$$,https://guide.michelin.com/us/en/california/san-francisco/restaurant/keiko-a-nob-hill
40,The Progress,2019,37.78371,-122.43282,San Francisco,Californian,$$$,https://guide.michelin.com/us/en/california/san-francisco/restaurant/the-progress
41,State Bird Provisions,2019,37.783737,-122.43283,San Francisco,American,$$,https://guide.michelin.com/us/en/california/san-francisco/restaurant/state-bird-provisions
42,Octavia,2019,37.787857,-122.42709,San Francisco,Californian,$$$,https://guide.michelin.com/us/en/california/san-francisco/restaurant/octavia
43,SPQR,2019,37.78732,-122.43375,San Francisco,Italian,$$$,https://guide.michelin.com/us/en/california/san-francisco/restaurant/spqr
44,Lord Stanley,2019,37.79592,-122.42208,San Francisco,Californian,$$$,https://guide.michelin.com/us/en/california/san-francisco/restaurant/lord-stanley
45,Kinjo,2019,37.79699,-122.422005,San Francisco,Japanese,$$$$,https://guide.michelin.com/us/en/california/san-francisco/restaurant/kinjo
46,Sorrel,2019,37.788334,-122.44614,San Francisco,Californian,$$$,https://guide.michelin.com/us/en/california/san-francisco/restaurant/sorrel
47,Gary Danko,2019,37.80599,-122.42066,San Francisco,Contemporary,$$$$,https://guide.michelin.com/us/en/california/san-francisco/restaurant/gary-danko
48,Bar Crenn,2019,37.798435,-122.43581,San Francisco,French,$$$,https://guide.michelin.com/us/en/california/san-francisco/restaurant/bar-crenn
49,Spruce,2019,37.78772,-122.45264,San Francisco,Californian,$$$,https://guide.michelin.com/us/en/california/san-francisco/restaurant/spruce
50,Wako,2019,37.783035,-122.461525,San Francisco,Japanese,$$$$,https://guide.michelin.com/us/en/california/san-francisco/restaurant/wako
51,Madcap,2019,37.974712,-122.56168,San Francisco,Contemporary,$$$$,https://guide.michelin.com/us/en/california/san-francisco/restaurant/madcap
52,Aubergine,2019,36.55406,-121.924355,Monterey,Contemporary,$$$$,https://guide.michelin.com/us/en/california/monterey/restaurant/aubergine
53,Kenzo,2019,38.29924,-122.28928,San Francisco,Japanese,$$$$,https://guide.michelin.com/us/en/california/san-francisco/restaurant/kenzo
54,La Toque,2019,38.30351,-122.28349,San Francisco,Contemporary,$$$$,https://guide.michelin.com/us/en/california/san-francisco/restaurant/la-toque
55,Bouchon,2019,38.40258,-122.3619,San Francisco,French,$$$,https://guide.michelin.com/us/en/california/san-francisco/restaurant/bouchon
56,Auberge du Soleil,2019,38.49199,-122.40534,San Francisco,Californian,$$$$,https://guide.michelin.com/us/en/california/san-francisco/restaurant/auberge-du-soleil
57,Farmhouse Inn & Restaurant,2019,38.49039,-122.8835,San Francisco,Californian,$$$$,https://guide.michelin.com/us/en/california/san-francisco/restaurant/farmhouse-inn-restaurant
58,The Kitchen,2019,38.58894,-121.41424,Sacramento,Contemporary,$$$$,https://guide.michelin.com/us/en/california/us-sacramento/restaurant/the-kitchen559371
59,Madrona Manor,2019,38.60428,-122.88647,San Francisco,Contemporary,$$$$,https://guide.michelin.com/us/en/california/san-francisco/restaurant/madrona-manor
60,Harbor House,2019,39.135876,-123.719444,San Francisco,Californian,$$$$,https://guide.michelin.com/us/en/california/san-francisco/restaurant/harbor-house
61,Shin Sushi,2019,34.15784,-118.49415,Los Angeles,Japanese,$$$,https://guide.michelin.com/us/en/california/us-los-angeles/restaurant/shin-sushi
62,Rustic Canyon,2019,34.024952,-118.49118,Los Angeles,Californian,$$$,https://guide.michelin.com/us/en/california/us-los-angeles/restaurant/rustic-canyon
63,Dialogue,2019,34.01679,-118.49748,Los Angeles,Contemporary,$$$$,https://guide.michelin.com/us/en/california/us-los-angeles/restaurant/dialogue
64,Kato,2019,34.041683,-118.460915,Los Angeles,Asian,$$$,https://guide.michelin.com/us/en/california/us-los-angeles/restaurant/kato
65,CUT,2019,34.067036,-118.401024,Los Angeles,Steakhouse,$$$$,https://guide.michelin.com/us/en/california/us-los-angeles/restaurant/cut559418
66,Nozawa Bar,2019,34.0683,-118.39849,Los Angeles,Japanese,$$$$,https://guide.michelin.com/us/en/california/us-los-angeles/restaurant/nozawa-bar
67,Shunji,2019,34.028496,-118.45195,Los Angeles,Japanese,$$$$,https://guide.michelin.com/us/en/california/us-los-angeles/restaurant/shunji
68,Maude,2019,34.064346,-118.39904,Los Angeles,Contemporary,$$$$,https://guide.michelin.com/us/en/california/us-los-angeles/restaurant/maude
69,Mori Sushi,2019,34.033398,-118.44229,Los Angeles,Japanese,$$$$,https://guide.michelin.com/us/en/california/us-los-angeles/restaurant/mori-sushi
70,Trois Mec,2019,34.084255,-118.33851,Los Angeles,Contemporary,$$$$,https://guide.michelin.com/us/en/california/us-los-angeles/restaurant/trois-mec
71,Osteria Mozza,2019,34.08342,-118.338974,Los Angeles,Italian,$$$,https://guide.michelin.com/us/en/california/us-los-angeles/restaurant/osteria-mozza
72,Kali,2019,34.083443,-118.32455,Los Angeles,Californian,$$$,https://guide.michelin.com/us/en/california/us-los-angeles/restaurant/kali
73,Le Comptoir,2019,34.06354,-118.30057,Los Angeles,Californian,$$$$,https://guide.michelin.com/us/en/california/us-los-angeles/restaurant/le-comptoir
74,Q Sushi,2019,34.046883,-118.255844,Los Angeles,Japanese,$$$$,https://guide.michelin.com/us/en/california/us-los-angeles/restaurant/q-sushi
75,Shibumi,2019,34.044155,-118.256134,Los Angeles,Japanese,$$$$,https://guide.michelin.com/us/en/california/us-los-angeles/restaurant/shibumi559644
76,Hayato,2019,34.03311,-118.24265,Los Angeles,Japanese,$$$$,https://guide.michelin.com/us/en/california/us-los-angeles/restaurant/hayato
77,Bistro Na's,2019,34.104412,-118.07159,Los Angeles,Chinese,$$,https://guide.michelin.com/us/en/california/us-los-angeles/restaurant/bistro-na-s
78,Orsa & Winston,2019,33.92145,-118.275406,Los Angeles,Fusion,$$$$,https://guide.michelin.com/us/en/california/us-los-angeles/restaurant/orsa-winston
79,Taco María,2019,33.69475,-117.924965,Costa Mesa,Mexican,$$$,https://guide.michelin.com/us/en/california/us-costa-mesa/restaurant/taco-maria
80,Hana re,2019,33.67759,-117.886566,Costa Mesa,Japanese,$$$$,https://guide.michelin.com/us/en/california/us-costa-mesa/restaurant/hana-re
81,Addison,2019,32.939903,-117.20013,San Diego,Contemporary,$$$$,https://guide.michelin.com/us/en/california/us-san-diego/restaurant/addison
82,Parachute,2019,41.94483,-87.70638,Chicago,Fusion,$$,https://guide.michelin.com/us/en/illinois/chicago/restaurant/parachute
83,Goosefoot,2019,41.96856,-87.69596,Chicago,Contemporary,$$$$,https://guide.michelin.com/us/en/illinois/chicago/restaurant/goosefoot
84,Elizabeth,2019,41.969555,-87.688736,Chicago,Contemporary,$$$$,https://guide.michelin.com/us/en/illinois/chicago/restaurant/elizabeth
85,EL Ideas,2019,41.863,-87.68686,Chicago,Contemporary,$$$$,https://guide.michelin.com/us/en/illinois/chicago/restaurant/el-ideas
86,Band of Bohemia,2019,41.967308,-87.67477,Chicago,Gastropub,$$$,https://guide.michelin.com/us/en/illinois/chicago/restaurant/band-of-bohemia
87,Schwa,2019,41.90888,-87.66792,Chicago,Contemporary,$$$$,https://guide.michelin.com/us/en/illinois/chicago/restaurant/schwa
88,Temporis,2019,41.898907,-87.66725,Chicago,Contemporary,$$$$,https://guide.michelin.com/us/en/illinois/chicago/restaurant/temporis
89,Entente,2019,41.93721,-87.6652,Chicago,Contemporary,$$$,https://guide.michelin.com/us/en/illinois/chicago/restaurant/entente
90,Elske,2019,41.884426,-87.66071,Chicago,Contemporary,$$$$,https://guide.michelin.com/us/en/illinois/chicago/restaurant/elske
91,Dusek's (Board & Beer),2019,41.857853,-87.65757,Chicago,Gastropub,$$,https://guide.michelin.com/us/en/illinois/chicago/restaurant/dusek-s-board-beer
92,Roister,2019,41.886658,-87.65187,Chicago,Contemporary,$$$,https://guide.michelin.com/us/en/illinois/chicago/restaurant/roister
93,Boka,2019,41.91363,-87.64806,Chicago,Contemporary,$$$,https://guide.michelin.com/us/en/illinois/chicago/restaurant/boka
94,Blackbird,2019,41.88423,-87.64356,Chicago,Contemporary,$$$,https://guide.michelin.com/us/en/illinois/chicago/restaurant/blackbird
95,Sepia,2019,41.88394,-87.64247,Chicago,American,$$$,https://guide.michelin.com/us/en/illinois/chicago/restaurant/sepia
96,North Pond,2019,41.9296,-87.63762,Chicago,Contemporary,$$$,https://guide.michelin.com/us/en/illinois/chicago/restaurant/north-pond
97,Everest,2019,41.87597,-87.63212,Chicago,French,$$$$,https://guide.michelin.com/us/en/illinois/chicago/restaurant/everest
98,Topolobampo,2019,41.89047,-87.63085,Chicago,Mexican,$$$$,https://guide.michelin.com/us/en/illinois/chicago/restaurant/topolobampo
99,Spiaggia,2019,41.90062,-87.62457,Chicago,Italian,$$$$,https://guide.michelin.com/us/en/illinois/chicago/restaurant/spiaggia
100,Monte,2019,45.08279,13.631168,Rovinj,Creative,$$$$$,https://guide.michelin.com/hr/en/istria/rovinj/restaurant/monte
101,Draga di Lovrana,2019,45.275867,14.251401,Lovran,Modern cuisine,$$$$$,https://guide.michelin.com/hr/en/primorje-gorski-kotar/lovran/restaurant/draga-di-lovrana
102,Noel,2019,45.811054,15.988205,Zagreb,Modern cuisine,$$$$$,https://guide.michelin.com/hr/en/zagreb-region/zagreb/restaurant/noel
103,Pelegrini,2019,43.73603,15.888903,Šibenik,Modern cuisine,$$$$$,https://guide.michelin.com/hr/en/sibenik-knin/sibenik/restaurant/pelegrini
104,360º,2019,42.641563,18.111523,Dubrovnik,Modern cuisine,$$$$$,https://guide.michelin.com/hr/en/dubrovnik-neretva/dubrovnik/restaurant/360%C2%BA
105,Field,2019,50.0919,14.42193,Praha,Modern cuisine,$$$$$,https://guide.michelin.com/cz/en/prague/praha/restaurant/field
106,La Degustation Bohême Bourgeoise,2019,50.09115,14.42511,Praha,Modern cuisine,$$$$$,https://guide.michelin.com/cz/en/prague/praha/restaurant/la-degustation-boheme-bourgeoise
107,Gastromé,2019,56.15788,10.20937,Aarhus,Modern cuisine,$$$,https://guide.michelin.com/dk/en/central-denmark/aarhus/restaurant/gastrome
108,Domestic,2019,56.15893,10.212132,Aarhus,Modern cuisine,$$$,https://guide.michelin.com/dk/en/central-denmark/aarhus/restaurant/domestic
109,Substans,2019,56.15415,10.20372,Aarhus,Modern cuisine,$$$,https://guide.michelin.com/dk/en/central-denmark/aarhus/restaurant/substans
110,Frederikshøj,2019,56.12497,10.208638,Aarhus,Creative,$$$$,https://guide.michelin.com/dk/en/central-denmark/aarhus/restaurant/frederikshoj
111,Me‚Mu,2019,55.70901,9.53302,Vejle,Modern cuisine,$$$,https://guide.michelin.com/dk/en/vejle/restaurant/me%E2%80%9Amu
112,Ti Trin Ned,2019,55.56659,9.752689,Fredericia,Modern cuisine,$$$,https://guide.michelin.com/dk/en/southern-denmark/fredericia/restaurant/ti-trin-ned
113,Slotskøkkenet,2019,55.771236,11.390805,Hørve,Creative,$$$$,https://guide.michelin.com/dk/en/zealand/horve/restaurant/slotskokkenet
114,Søllerød Kro,2019,55.81325,12.49548,København,Modern cuisine,$$,https://guide.michelin.com/dk/en/capital-region/kobenhavn/restaurant/sollerod-kro
115,Jordnær,2019,55.748226,12.541014,København,Danish,$$$,https://guide.michelin.com/dk/en/capital-region/kobenhavn/restaurant/jordnaer
116,Relæ,2019,55.693233,12.543222,København,Modern cuisine,$$,https://guide.michelin.com/dk/en/capital-region/kobenhavn/restaurant/relae
117,Kiin Kiin,2019,55.69188,12.55754,København,Thai,$$,https://guide.michelin.com/dk/en/capital-region/kobenhavn/restaurant/kiin-kiin
118,formel B,2019,55.67031,12.53798,København,Modern cuisine,$$,https://guide.michelin.com/dk/en/capital-region/kobenhavn/restaurant/formel-b
119,Kokkeriet,2019,55.68768,12.58492,København,Modern cuisine,$$$,https://guide.michelin.com/dk/en/capital-region/kobenhavn/restaurant/kokkeriet
120,Clou,2019,55.68342,12.58497,København,Modern cuisine,$$$$,https://guide.michelin.com/dk/en/capital-region/kobenhavn/restaurant/clou
121,Marchal,2019,55.68034,12.58508,København,Modern cuisine,$$,https://guide.michelin.com/dk/en/capital-region/kobenhavn/restaurant/marchal
122,Kong Hans Kælder,2019,55.6787,12.584003,København,Classic French,$$$$,https://guide.michelin.com/dk/en/capital-region/kobenhavn/restaurant/kong-hans-kaelder
123,Stud!o at The Standard,2019,55.67799,12.59191,København,Creative,$$$,https://guide.michelin.com/dk/en/capital-region/kobenhavn/restaurant/stud-o-at-the-standard
124,108,2019,55.67785,12.5980835,København,Modern cuisine,$$$,https://guide.michelin.com/dk/en/capital-region/kobenhavn/restaurant/108
125,Era Ora,2019,55.673004,12.591292,København,Italian,$$,https://guide.michelin.com/dk/en/capital-region/kobenhavn/restaurant/era-ora
126,Alouette,2019,55.66265,12.57634,København,Modern cuisine,$$$,https://guide.michelin.com/dk/en/capital-region/kobenhavn/restaurant/alouette
127,Frederiksminde,2019,55.12417,12.04623,Præstø,Creative,$$$,https://guide.michelin.com/dk/en/zealand/praesto/restaurant/frederiksminde
128,Kadeau Bornholm,2019,55.00457,14.969216,Pedersker,Creative,$$$$,https://guide.michelin.com/dk/en/capital-region/pedersker/restaurant/kadeau-bornholm
129,Ask,2019,60.17236,24.95648,Helsingfors / Helsinki,Modern cuisine,$$$,https://guide.michelin.com/fi/en/uusimaa/helsingfors-helsinki/restaurant/ask
130,Grön,2019,60.16446,24.93308,Helsingfors / Helsinki,Finnish,$$$,https://guide.michelin.com/fi/en/uusimaa/helsingfors-helsinki/restaurant/gron
131,Demo,2019,60.164806,24.941635,Helsingfors / Helsinki,Modern cuisine,$$$,https://guide.michelin.com/fi/en/uusimaa/helsingfors-helsinki/restaurant/demo
132,Olo,2019,60.16616,24.947704,Helsingfors / Helsinki,Modern cuisine,$$$,https://guide.michelin.com/fi/en/uusimaa/helsingfors-helsinki/restaurant/olo
133,Palace,2019,60.16556,24.95256,Helsingfors / Helsinki,Modern cuisine,$$$,https://guide.michelin.com/fi/en/uusimaa/helsingfors-helsinki/restaurant/palace
134,Ora,2019,60.157578,24.942947,Helsingfors / Helsinki,Modern cuisine,$$$,https://guide.michelin.com/fi/en/uusimaa/helsingfors-helsinki/restaurant/ora
135,Botrini's,2019,38.02318,23.79377,Athína,Mediterranean,$$$$$,https://guide.michelin.com/gr/en/attica/athina/restaurant/botrini-s
136,Varoulko Seaside,2019,37.937378,23.658577,Athína,Seafood,$$$$$,https://guide.michelin.com/gr/en/attica/athina/restaurant/varoulko-seaside
137,Hytra,2019,37.95818,23.71895,Athína,Modern cuisine,$$$$$,https://guide.michelin.com/gr/en/attica/athina/restaurant/hytra
138,Loaf On,2019,22.379858,114.27188,Hong Kong,Cantonese,$$,https://guide.michelin.com/hk/en/hong-kong-region/hong-kong/restaurant/loaf-on
139,Lei Garden (Kwun Tong),2019,22.312672,114.22482,Hong Kong,Cantonese,$,https://guide.michelin.com/hk/en/hong-kong-region/hong-kong/restaurant/lei-garden-kwun-tong
140,Tim Ho Wan (Sham Shui Po),2019,22.32805,114.16665,Hong Kong,Dim Sum,$,https://guide.michelin.com/hk/en/hong-kong-region/hong-kong/restaurant/tim-ho-wan-sham-shui-po
141,Lei Garden (Mong Kok),2019,22.320219,114.17133,Hong Kong,Cantonese,$,https://guide.michelin.com/hk/en/hong-kong-region/hong-kong/restaurant/lei-garden-mong-kok
142,Ming Court,2019,22.318314,114.16933,Hong Kong,Cantonese,$$$,https://guide.michelin.com/hk/en/hong-kong-region/hong-kong/restaurant/ming-court
143,Yat Tung Heen (Jordan),2019,22.308014,114.17147,Hong Kong,Cantonese,$$,https://guide.michelin.com/hk/en/hong-kong-region/hong-kong/restaurant/yat-tung-heen-jordan
144,Fu Ho (Tsim Sha Tsui),2019,22.3022,114.17194,Hong Kong,Cantonese,$$,https://guide.michelin.com/hk/en/hong-kong-region/hong-kong/restaurant/fu-ho-tsim-sha-tsui
145,Shang Palace,2019,22.297325,114.177155,Hong Kong,Cantonese,$$$,https://guide.michelin.com/hk/en/hong-kong-region/hong-kong/restaurant/shang-palace
146,IM Teppanyaki & Wine,2019,22.280807,114.19211,Hong Kong,Teppanyaki,$$,https://guide.michelin.com/hk/en/hong-kong-region/hong-kong/restaurant/im-teppanyaki-wine
147,Ah Yat Harbour View (Tsim Sha Tsui),2019,22.296984,114.17197,Hong Kong,Cantonese,$$,https://guide.michelin.com/hk/en/hong-kong-region/hong-kong/restaurant/ah-yat-harbour-view-tsim-sha-tsui
148,Rech,2019,22.293434,114.174034,Hong Kong,Seafood,$$$$,https://guide.michelin.com/hk/en/hong-kong-region/hong-kong/restaurant/rech
149,Spring Moon,2019,22.294943,114.17182,Hong Kong,Cantonese,$$$,https://guide.michelin.com/hk/en/hong-kong-region/hong-kong/restaurant/spring-moon
150,Imperial Treasure Fine Chinese Cuisine,2019,22.296177,114.170006,Hong Kong,Cantonese,$$,https://guide.michelin.com/hk/en/hong-kong-region/hong-kong/restaurant/imperial-treasure-fine-chinese-cuisine
151,Sushi Tokami,2019,22.296112,114.16916,Hong Kong,Sushi,$$$$$,https://guide.michelin.com/hk/en/hong-kong-region/hong-kong/restaurant/sushi-tokami
152,Tosca,2019,22.30357,114.16007,Hong Kong,Italian,$$$,https://guide.michelin.com/hk/en/hong-kong-region/hong-kong/restaurant/tosca352519
153,Épure,2019,22.29583,114.169304,,French,$$$,https://guide.michelin.com/hk/en/hong-kong-region/hong-kong/restaurant/epure
154,Yee Tung Heen,2019,22.282295,114.184135,Hong Kong,Cantonese,$$,https://guide.michelin.com/hk/en/hong-kong-region/hong-kong/restaurant/yee-tung-heen
155,Yè Shanghai (Tsim Sha Tsui),2019,22.295143,114.168236,Hong Kong,Shanghainese,$,https://guide.michelin.com/hk/en/hong-kong-region/hong-kong/restaurant/ye-shanghai-tsim-sha-tsui
156,Ho Hung Kee,2019,22.280058,114.18364,Hong Kong,Noodles and congee,$,https://guide.michelin.com/hk/en/hong-kong-region/hong-kong/restaurant/ho-hung-kee
157,Jardin de Jade (Wan Chai),2019,22.28025,114.17716,Hong Kong,Shanghainese,$$,https://guide.michelin.com/hk/en/hong-kong-region/hong-kong/restaurant/jardin-de-jade-wan-chai
158,Zhejiang Heen,2019,22.2787,114.17763,Hong Kong,Shanghainese,$$,https://guide.michelin.com/hk/en/hong-kong-region/hong-kong/restaurant/zhejiang-heen
159,Takumi by Daisuke Mori,2019,22.276512,114.17718,Hong Kong,Innovative,$$$$$,https://guide.michelin.com/hk/en/hong-kong-region/hong-kong/restaurant/takumi-by-daisuke-mori
160,Kam's Roast Goose,2019,22.277693,114.175385,Hong Kong,Cantonese Roast Meats,$,https://guide.michelin.com/hk/en/hong-kong-region/hong-kong/restaurant/kam-s-roast-goose
161,Pang's Kitchen,2019,22.26921,114.18452,Hong Kong,Cantonese,$,https://guide.michelin.com/hk/en/hong-kong-region/hong-kong/restaurant/pang-s-kitchen
162,Xin Rong Ji,2019,22.278013,114.17273,Hong Kong,Taizhou,$$$,https://guide.michelin.com/hk/en/hong-kong-region/hong-kong/restaurant/xin-rong-ji
163,Qi (Wan Chai),2019,22.276443,114.17126,Hong Kong,Sichuan,$,https://guide.michelin.com/hk/en/hong-kong-region/hong-kong/restaurant/qi-wan-chai
164,Man Wah,2019,22.282213,114.15951,Hong Kong,Cantonese,$$$$,https://guide.michelin.com/hk/en/hong-kong-region/hong-kong/restaurant/man-wah
165,Summer Palace,2019,22.277136,114.1643,Hong Kong,Cantonese,$$$,https://guide.michelin.com/hk/en/hong-kong-region/hong-kong/restaurant/summer-palace
166,Octavium,2019,22.282587,114.1572,Hong Kong,Italian,$$$,https://guide.michelin.com/hk/en/hong-kong-region/hong-kong/restaurant/octavium
167,Arbor,2019,22.283146,114.15542,,Innovative,$$$,https://guide.michelin.com/hk/en/hong-kong-region/hong-kong/restaurant/arbor
168,VEA,2019,22.284931,114.15313,Hong Kong,Innovative,$$$$$,https://guide.michelin.com/hk/en/hong-kong-region/hong-kong/restaurant/vea
169,Mandarin Grill + Bar,2019,22.281048,114.1574,Hong Kong,European contemporary,$$$$,https://guide.michelin.com/hk/en/hong-kong-region/hong-kong/restaurant/mandarin-grill-bar
170,Yat Lok,2019,22.28226,114.155655,Hong Kong,Cantonese Roast Meats,$,https://guide.michelin.com/hk/en/hong-kong-region/hong-kong/restaurant/yat-lok
171,Guo Fu Lou,2019,22.278313,114.16034,Hong Kong,Cantonese,$$$,https://guide.michelin.com/hk/en/hong-kong-region/hong-kong/restaurant/guo-fu-lou567828
172,Celebrity Cuisine,2019,22.284334,114.15312,Hong Kong,Cantonese,$$,https://guide.michelin.com/hk/en/hong-kong-region/hong-kong/restaurant/celebrity-cuisine
173,Sushi Wadatsumi,2019,22.281038,114.15646,Hong Kong,Sushi,$$$,https://guide.michelin.com/hk/en/hong-kong-region/hong-kong/restaurant/sushi-wadatsumi
174,Arcane,2019,22.280624,114.15682,Hong Kong,European contemporary,$$$,https://guide.michelin.com/hk/en/hong-kong-region/hong-kong/restaurant/arcane
175,Duddell's,2019,22.28008,114.157364,Hong Kong,Cantonese,$$$,https://guide.michelin.com/hk/en/hong-kong-region/hong-kong/restaurant/duddell-s
176,Beefbar,2019,22.27982,114.15752,Hong Kong,Steakhouse,$$,https://guide.michelin.com/hk/en/hong-kong-region/hong-kong/restaurant/beefbar
177,New Punjab Club,2019,22.28005,114.15525,Hong Kong,Indian,$$,https://guide.michelin.com/hk/en/hong-kong-region/hong-kong/restaurant/new-punjab-club
178,Kaiseki Den by Saotome,2019,22.285713,114.147865,Hong Kong,Japanese,$$$$$,https://guide.michelin.com/hk/en/hong-kong-region/hong-kong/restaurant/kaiseki-den-by-saotome
179,Belon,2019,22.281662,114.152405,Hong Kong,French,$$$,https://guide.michelin.com/hk/en/hong-kong-region/hong-kong/restaurant/belon
180,Tate,2019,22.280996,114.15276,Hong Kong,Innovative,$$$$$,https://guide.michelin.com/hk/en/hong-kong-region/hong-kong/restaurant/tate
181,The Ocean,2019,22.235146,114.198524,Hong Kong,French,$$$$$,https://guide.michelin.com/hk/en/hong-kong-region/hong-kong/restaurant/the-ocean
182,Costes Downtown,2019,47.50113,19.048595,Budapest,Modern cuisine,$$$$,https://guide.michelin.com/hu/en/central-hungary/budapest/restaurant/costes-downtown
183,Borkonyha Winekitchen,2019,47.49953,19.052391,Budapest,Modern cuisine,$$$$,https://guide.michelin.com/hu/en/central-hungary/budapest/restaurant/borkonyha-winekitchen
184,Stand,2019,47.500244,19.059624,Budapest,Modern cuisine,$$$,https://guide.michelin.com/hu/en/central-hungary/budapest/restaurant/stand
185,Babel,2019,47.492603,19.05256,Budapest,Modern cuisine,$$$$$,https://guide.michelin.com/hu/en/central-hungary/budapest/restaurant/babel
186,Costes,2019,47.48873,19.061779,Budapest,Modern cuisine,$$$$$,https://guide.michelin.com/hu/en/central-hungary/budapest/restaurant/costes
187,The Kitchen,2019,22.191442,113.543,Macau,Steakhouse,$$$,https://guide.michelin.com/mo/en/macau-region/macau/restaurant/the-kitchen417810
188,Tim's Kitchen,2019,22.189898,113.5439,Macau,Cantonese,$$,https://guide.michelin.com/mo/en/macau-region/macau/restaurant/tim-s-kitchen
189,Wing Lei,2019,22.188028,113.54578,Macau,Cantonese,$$,https://guide.michelin.com/mo/en/macau-region/macau/restaurant/wing-lei
190,King,2019,22.190178,113.54028,Macau,Cantonese,$,https://guide.michelin.com/mo/en/macau-region/macau/restaurant/king380226
191,Ying,2019,22.161234,113.555405,Macau,Cantonese,$$,https://guide.michelin.com/mo/en/macau-region/macau/restaurant/ying
192,Shinji by Kanesaka,2019,22.149635,113.56397,Macau,Sushi,$$$$,https://guide.michelin.com/mo/en/macau-region/macau/restaurant/shinji-by-kanesaka
193,The Golden Peacock,2019,22.148178,113.56335,Macau,Indian,$,https://guide.michelin.com/mo/en/macau-region/macau/restaurant/the-golden-peacock
194,Zi Yat Heen,2019,22.145418,113.56152,Macau,Cantonese,$$,https://guide.michelin.com/mo/en/macau-region/macau/restaurant/zi-yat-heen
195,8 1/2 Otto e Mezzo - Bombana,2019,22.14918,113.55393,Macau,Italian,$$$,https://guide.michelin.com/mo/en/macau-region/macau/restaurant/8-1-2-otto-e-mezzo-bombana
196,Pearl Dragon,2019,22.140524,113.56256,Macau,Cantonese,$$$,https://guide.michelin.com/mo/en/macau-region/macau/restaurant/pearl-dragon
197,Lai Heen,2019,22.148754,113.551926,Macau,Cantonese,$$,https://guide.michelin.com/mo/en/macau-region/macau/restaurant/lai-heen
198,FAGN,2019,63.43392,10.39628,Trondheim,Modern cuisine,$$$$,https://guide.michelin.com/no/en/trondelag/trondheim/restaurant/fagn
199,Credo,2019,63.43391,10.39631,Trondheim,Creative,$$$$,https://guide.michelin.com/no/en/trondelag/trondheim/restaurant/credo
200,RE-NAA,2019,58.972088,5.732877,Stavanger,Creative,$$$$,https://guide.michelin.com/no/en/rogaland/stavanger/restaurant/re-naa
201,Sabi Omakase,2019,58.969936,5.7433133,Stavanger,Sushi,$$$$,https://guide.michelin.com/no/en/rogaland/stavanger/restaurant/sabi-omakase
202,Galt,2019,59.91661,10.71369,Oslo,Modern cuisine,$$$,https://guide.michelin.com/no/en/oslo-region/oslo/restaurant/galt
203,Kontrast,2019,59.92355,10.75106,Oslo,Scandinavian,$$$,https://guide.michelin.com/no/en/oslo-region/oslo/restaurant/kontrast
204,Statholdergaarden,2019,59.90937,10.74305,Oslo,Classic cuisine,$$$$,https://guide.michelin.com/no/en/oslo-region/oslo/restaurant/statholdergaarden
205,Del Posto,2019,40.74327,-74.0077,New York,Italian,$$$$,https://guide.michelin.com/us/en/new-york-state/new-york/restaurant/del-posto
206,Le Grill de Joël Robuchon,2019,40.742897,-74.0077,New York,French,$$$$,https://guide.michelin.com/us/en/new-york-state/new-york/restaurant/le-grill-de-joel-robuchon
207,L'Appart,2019,40.711903,-74.01544,New York,French,$$$$,https://guide.michelin.com/us/en/new-york-state/new-york/restaurant/l-appart
208,Okuda,2019,40.743793,-74.00633,New York,Japanese,$$$$,https://guide.michelin.com/us/en/new-york-state/new-york/restaurant/okuda
209,Wallsé,2019,40.73538,-74.00814,New York,Austrian,$$$$,https://guide.michelin.com/us/en/new-york-state/new-york/restaurant/wallse
210,Jeju Noodle Bar,2019,40.732952,-74.00744,New York,Korean,$$,https://guide.michelin.com/us/en/new-york-state/new-york/restaurant/jeju-noodle-bar
211,Sushi Nakazawa,2019,40.731716,-74.00451,New York,Japanese,$$$$,https://guide.michelin.com/us/en/new-york-state/new-york/restaurant/sushi-nakazawa
212,Kosaka,2019,40.738316,-74.00137,New York,Japanese,$$$$,https://guide.michelin.com/us/en/new-york-state/new-york/restaurant/kosaka
213,Bâtard,2019,40.719616,-74.00589,New York,Contemporary,$$$$,https://guide.michelin.com/us/en/new-york-state/new-york/restaurant/batard
214,Hirohisa,2019,40.72452,-74.003006,New York,Japanese,$$$,https://guide.michelin.com/us/en/new-york-state/new-york/restaurant/hirohisa
215,Blue Hill,2019,40.7321,-73.9996,New York,American,$$$$,https://guide.michelin.com/us/en/new-york-state/new-york/restaurant/blue-hill
216,ZZ's Clam Bar,2019,40.727646,-74.00046,New York,Seafood,$$$$,https://guide.michelin.com/us/en/new-york-state/new-york/restaurant/zz-s-clam-bar
217,Babbo,2019,40.73233,-73.99916,New York,Italian,$$$$,https://guide.michelin.com/us/en/new-york-state/new-york/restaurant/babbo
218,Carbone,2019,40.727966,-74.00017,New York,Italian,$$$$,https://guide.michelin.com/us/en/new-york-state/new-york/restaurant/carbone
219,Le Coucou,2019,40.719162,-74.00001,New York,French,$$$,https://guide.michelin.com/us/en/new-york-state/new-york/restaurant/le-coucou
220,Aldea,2019,40.73885,-73.99366,New York,Mediterranean,$$$$,https://guide.michelin.com/us/en/new-york-state/new-york/restaurant/aldea
221,Cote,2019,40.73778,-73.99375,New York,Korean,$$$,https://guide.michelin.com/us/en/new-york-state/new-york/restaurant/cote
222,Bouley at Home,2019,40.74114,-73.99242,New York,Contemporary,$$$,https://guide.michelin.com/us/en/new-york-state/new-york/restaurant/bouley-at-home
223,Gotham Bar and Grill,2019,40.73417,-73.99379,New York,American,$$$$,https://guide.michelin.com/us/en/new-york-state/new-york/restaurant/gotham-bar-and-grill
224,Nix,2019,40.733166,-73.993515,New York,Vegetarian,$$$,https://guide.michelin.com/us/en/new-york-state/new-york/restaurant/nix
225,Junoon,2019,40.74325,-73.99077,New York,Indian,$$$$,https://guide.michelin.com/us/en/new-york-state/new-york/restaurant/junoon
226,NoMad,2019,40.74497,-73.98883,New York,Contemporary,$$$$,https://guide.michelin.com/us/en/new-york-state/new-york/restaurant/nomad
227,The Musket Room,2019,40.723915,-73.99375,New York,Contemporary,$$$,https://guide.michelin.com/us/en/new-york-state/new-york/restaurant/the-musket-room
228,Uncle Boons,2019,40.721203,-73.99441,New York,Thai,$$,https://guide.michelin.com/us/en/new-york-state/new-york/restaurant/uncle-boons
229,Noda,2019,40.74497,-73.988075,New York,Japanese,$$$$,https://guide.michelin.com/us/en/new-york-state/new-york/restaurant/noda
230,Gramercy Tavern,2019,40.73849,-73.98868,New York,Contemporary,$$$$,https://guide.michelin.com/us/en/new-york-state/new-york/restaurant/gramercy-tavern
231,The Clocktower,2019,40.7414,-73.987595,New York,Contemporary,$$$,https://guide.michelin.com/us/en/new-york-state/new-york/restaurant/the-clocktower
232,Ai Fiori,2019,40.75013,-73.98357,New York,Italian,$$$$,https://guide.michelin.com/us/en/new-york-state/new-york/restaurant/ai-fiori
233,Casa Mono,2019,40.73595,-73.98706,New York,Spanish,$$$,https://guide.michelin.com/us/en/new-york-state/new-york/restaurant/casa-mono
234,Jewel Bako,2019,40.72713,-73.98928,New York,Japanese,$$$,https://guide.michelin.com/us/en/new-york-state/new-york/restaurant/jewel-bako
235,The River Café,2019,40.703613,-73.994774,New York,Contemporary,$$$$,https://guide.michelin.com/us/en/new-york-state/new-york/restaurant/the-river-cafe
236,Bar Uchū,2019,40.72191,-73.99003,New York,Japanese,$$$$,https://guide.michelin.com/us/en/new-york-state/new-york/restaurant/bar-uchu
237,Café China,2019,40.749973,-73.98228,New York,Chinese,$$,https://guide.michelin.com/us/en/new-york-state/new-york/restaurant/cafe-china
238,Kanoyama,2019,40.73071,-73.98655,New York,Japanese,$$$,https://guide.michelin.com/us/en/new-york-state/new-york/restaurant/kanoyama
239,Contra,2019,40.719917,-73.98922,New York,Contemporary,$$$$,https://guide.michelin.com/us/en/new-york-state/new-york/restaurant/contra
240,Atomix,2019,40.744408,-73.98292,New York,Korean,$$$$,https://guide.michelin.com/us/en/new-york-state/new-york/restaurant/atomix
241,Kyo Ya,2019,40.7266,-73.98526,New York,Japanese,$$$,https://guide.michelin.com/us/en/new-york-state/new-york/restaurant/kyo-ya
242,Kajitsu,2019,40.72776,-73.98428,New York,Japanese,$$$,https://guide.michelin.com/us/en/new-york-state/new-york/restaurant/kajitsu
243,Agern,2019,40.75234,-73.9775,New York,Scandinavian,$$$$,https://guide.michelin.com/us/en/new-york-state/new-york/restaurant/agern
244,Caviar Russe,2019,40.760685,-73.97355,New York,Contemporary,$$$$,https://guide.michelin.com/us/en/new-york-state/new-york/restaurant/caviar-russe
245,Tuome,2019,40.724194,-73.9828,New York,Fusion,$$,https://guide.michelin.com/us/en/new-york-state/new-york/restaurant/tuome
246,Tempura Matsui,2019,40.74839,-73.97474,New York,Japanese,$$$$,https://guide.michelin.com/us/en/new-york-state/new-york/restaurant/tempura-matsui
247,Sushi Yasuda,2019,40.75108,-73.97364,New York,Japanese,$$$$,https://guide.michelin.com/us/en/new-york-state/new-york/restaurant/sushi-yasuda
248,Sushi Amane,2019,40.75133,-73.971725,New York,Japanese,$$$$,https://guide.michelin.com/us/en/new-york-state/new-york/restaurant/sushi-amane
249,Café Boulud,2019,40.77439,-73.96414,New York,French,$$$$,https://guide.michelin.com/us/en/new-york-state/new-york/restaurant/cafe-boulud
250,Claro,2019,40.677395,-73.98615,New York,Mexican,$$,https://guide.michelin.com/us/en/new-york-state/new-york/restaurant/claro
251,Satsuki,2019,40.801243,-73.95187,New York,Japanese,$$$$,https://guide.michelin.com/us/en/new-york-state/new-york/restaurant/satsuki
252,Sushi Noz,2019,40.77384,-73.958275,New York,Japanese,$$$$,https://guide.michelin.com/us/en/new-york-state/new-york/restaurant/sushi-noz
253,Sushi Inoue,2019,40.810448,-73.943726,New York,Japanese,$$$$,https://guide.michelin.com/us/en/new-york-state/new-york/restaurant/sushi-inoue
254,Meadowsweet,2019,40.710354,-73.96317,New York,Mediterranean,$$$,https://guide.michelin.com/us/en/new-york-state/new-york/restaurant/meadowsweet
255,Casa Enríque,2019,40.743492,-73.95425,New York,Mexican,$$,https://guide.michelin.com/us/en/new-york-state/new-york/restaurant/casa-enrique
256,Peter Luger,2019,40.70986,-73.96263,New York,Steakhouse,$$$$,https://guide.michelin.com/us/en/new-york-state/new-york/restaurant/peter-luger
257,Oxomoco,2019,40.730057,-73.95538,New York,Mexican,$$$,https://guide.michelin.com/us/en/new-york-state/new-york/restaurant/oxomoco
258,The Finch,2019,40.68704,-73.96297,New York,American,$$$,https://guide.michelin.com/us/en/new-york-state/new-york/restaurant/the-finch
259,Faro,2019,40.707584,-73.923035,New York,American,$$,https://guide.michelin.com/us/en/new-york-state/new-york/restaurant/faro
260,Senses,2019,52.244583,21.005886,Warszawa,Modern cuisine,$$$$$,https://guide.michelin.com/pl/en/masovia/warszawa/restaurant/senses
261,atelier Amaro,2019,52.21708,21.03768,Warszawa,Modern cuisine,$$$$,https://guide.michelin.com/pl/en/masovia/warszawa/restaurant/atelier-amaro
262,Aniar,2019,53.27112,-9.057078,Gaillimh/Galway,Creative,N/A,https://guide.michelin.com/ie/en/galway/gaillimh-galway/restaurant/aniar
263,Loam,2019,53.27384,-9.044447,Gaillimh/Galway,Creative,N/A,https://guide.michelin.com/ie/en/galway/gaillimh-galway/restaurant/loam
264,Wild Honey Inn,2019,53.03151,-9.2911,Lios Dúin Bhearna/Lisdoonvarna,Classic cuisine,N/A,https://guide.michelin.com/ie/en/clare/lios-duin-bhearna-lisdoonvarna/restaurant/wild-honey-inn
265,Chestnut,2019,51.562588,-9.460854,Ballydehob,Modern cuisine,N/A,https://guide.michelin.com/ie/en/cork/ballydehob/restaurant/chestnut
266,Mews,2019,51.48285,-9.37234,Baltimore,Modern cuisine,N/A,https://guide.michelin.com/ie/en/cork/ie-baltimore/restaurant/mews
267,Ichigo Ichie,2019,51.898167,-8.479933,Corcaigh/Cork,Japanese,N/A,https://guide.michelin.com/ie/en/cork/corcaigh-cork/restaurant/ichigo-ichie
268,Chapter One,2019,53.354374,-6.263786,City Centre,Modern cuisine,N/A,https://guide.michelin.com/ie/en/dublin/city-centre/restaurant/chapter-one
269,Greenhouse,2019,53.340042,-6.258506,City Centre,Modern cuisine,N/A,https://guide.michelin.com/ie/en/dublin/city-centre/restaurant/greenhouse
270,L'Ecrivain,2019,53.33627,-6.24834,City Centre,Modern cuisine,N/A,https://guide.michelin.com/ie/en/dublin/city-centre/restaurant/l-ecrivain
271,Campagne,2019,52.6559,-7.2464285,Cill Chainnigh/Kilkenny,Modern British,N/A,https://guide.michelin.com/ie/en/kilkenny/cill-chainnigh-kilkenny/restaurant/campagne
272,Heron & Grey,2019,53.30143,-6.177574,Blackrock,Modern cuisine,N/A,https://guide.michelin.com/ie/en/dun-laoghaire-rathdown/blackrock/restaurant/heron-grey
273,Lady Helen,2019,52.526096,-7.188277,Baile Mhic Andáin/Thomastown,Modern cuisine,N/A,https://guide.michelin.com/ie/en/kilkenny/baile-mhic-andain-thomastown/restaurant/lady-helen
274,House,2019,51.94777,-7.7135396,Aird Mhór/Ardmore,Modern cuisine,N/A,https://guide.michelin.com/ie/en/waterford/aird-mhor-ardmore/restaurant/house
275,Olympe,2019,-22.96109,-43.20658,Rio de Janeiro - 22470,French,$$$$$,https://guide.michelin.com/br/en/rio-de-janeiro-region/rio-de-janeiro/restaurant/olympe
276,Lasai,2019,-22.95401,-43.19557,Rio de Janeiro - 22271,modern,$$$$$,https://guide.michelin.com/br/en/rio-de-janeiro-region/rio-de-janeiro/restaurant/lasai
277,Oteque,2019,-22.95747,-43.194424,Rio de Janeiro - 22271,modern,$$$$$,https://guide.michelin.com/br/en/rio-de-janeiro-region/rio-de-janeiro/restaurant/oteque
278,Mee,2019,-22.96764,-43.17925,Rio de Janeiro - 22021,Asian influences,$$$$$,https://guide.michelin.com/br/en/rio-de-janeiro-region/rio-de-janeiro/restaurant/mee
279,Cipriani,2019,-22.96755,-43.17901,Rio de Janeiro - 22021,Italian,$$$$$,https://guide.michelin.com/br/en/rio-de-janeiro-region/rio-de-janeiro/restaurant/cipriani
280,Jun Sakamoto,2019,-23.56318,-46.67737,São Paulo - 05413,Japanese,$$$$$,https://guide.michelin.com/br/en/sao-paulo-region/sao-paulo/restaurant/jun-sakamoto
281,Maní,2019,-23.56621,-46.67974,São Paulo - 05415,creative,$$$$$,https://guide.michelin.com/br/en/sao-paulo-region/sao-paulo/restaurant/mani
282,Evvai,2019,-23.567078,-46.679146,São Paulo - 05415,modern,$$$$$,https://guide.michelin.com/br/en/sao-paulo-region/sao-paulo/restaurant/evvai
283,Picchi,2019,-23.565063,-46.666767,São Paulo - 01426,Italian,$$$$$,https://guide.michelin.com/br/en/sao-paulo-region/sao-paulo/restaurant/picchi
284,Kosushi,2019,-23.58522,-46.6809,São Paulo - 04538,Japanese,$$$,https://guide.michelin.com/br/en/sao-paulo-region/sao-paulo/restaurant/kosushi
285,Ryo Gastronomia,2019,-23.58132,-46.6767,São Paulo - 04531,Japanese,$$$$$,https://guide.michelin.com/br/en/sao-paulo-region/sao-paulo/restaurant/ryo-gastronomia
286,Tangará Jean-Georges,2019,-23.634005,-46.72428,São Paulo - 05706,modern,$$$$$,https://guide.michelin.com/br/en/sao-paulo-region/sao-paulo/restaurant/tangara-jean-georges
287,Kinoshita,2019,-23.59159,-46.67146,São Paulo - 04509,Japanese,$$$$$,https://guide.michelin.com/br/en/sao-paulo-region/sao-paulo/restaurant/kinoshita
288,Kan Suke,2019,-23.5684,-46.64936,São Paulo - 01401,Japanese,$$$$$,https://guide.michelin.com/br/en/sao-paulo-region/sao-paulo/restaurant/kan-suke
289,Huto,2019,-23.60882,-46.6598,São Paulo - 04080,Japanese,$$$$$,https://guide.michelin.com/br/en/sao-paulo-region/sao-paulo/restaurant/huto
290,Stay,2019,37.513004,127.10257,Seoul,French contemporary,$$$,https://guide.michelin.com/kr/en/seoul-capital-area/kr-seoul/restaurant/stay
291,Lee Jong Kuk 104,2019,37.592903,126.997284,Seoul,Korean,$$$$,https://guide.michelin.com/kr/en/seoul-capital-area/kr-seoul/restaurant/lee-jong-kuk-104
292,Hansikgonggan,2019,37.577705,126.98852,Seoul,Korean,$$$,https://guide.michelin.com/kr/en/seoul-capital-area/kr-seoul/restaurant/hansikgonggan
293,Dining in Space,2019,37.57761,126.98845,Seoul,French contemporary,$$$,https://guide.michelin.com/kr/en/seoul-capital-area/kr-seoul/restaurant/dining-in-space
294,Exquisine,2019,37.521046,127.049736,Seoul,Innovative,$$$,https://guide.michelin.com/kr/en/seoul-capital-area/kr-seoul/restaurant/exquisine
295,Dosa,2019,37.52445,127.04441,Seoul,Innovative,$$$,https://guide.michelin.com/kr/en/seoul-capital-area/kr-seoul/restaurant/dosa511871
296,Joo Ok,2019,37.52252,127.04396,Seoul,Korean contemporary,$$$,https://guide.michelin.com/kr/en/seoul-capital-area/kr-seoul/restaurant/joo-ok
297,Balwoo Gongyang,2019,37.57389,126.98318,Seoul,Temple cuisine,$$,https://guide.michelin.com/kr/en/seoul-capital-area/kr-seoul/restaurant/balwoo-gongyang
298,Muoki,2019,37.518963,127.04217,Seoul,Innovative,$$$,https://guide.michelin.com/kr/en/seoul-capital-area/kr-seoul/restaurant/muoki
299,L'Amitié,2019,37.522675,127.032646,Seoul,French,$$$,https://guide.michelin.com/kr/en/seoul-capital-area/kr-seoul/restaurant/l-amitie
300,Yu Yuan,2019,37.57045,126.97534,Seoul,Chinese,$$$,https://guide.michelin.com/kr/en/seoul-capital-area/kr-seoul/restaurant/yu-yuan
301,Bicena,2019,37.5384,127.00135,Seoul,Korean,$$$,https://guide.michelin.com/kr/en/seoul-capital-area/kr-seoul/restaurant/bicena
302,Mosu,2019,37.536415,126.99934,Seoul,Innovative,$$$$$,https://guide.michelin.com/kr/en/seoul-capital-area/kr-seoul/restaurant/mosu
303,Poom,2019,37.54903,126.98341,Seoul,Korean,$$$,https://guide.michelin.com/kr/en/seoul-capital-area/kr-seoul/restaurant/poom
304,Soigné,2019,37.49816,127.002,Seoul,Innovative,$$$,https://guide.michelin.com/kr/en/seoul-capital-area/kr-seoul/restaurant/soigne
305,Table for Four,2019,37.49769,126.99442,Seoul,European contemporary,$$$,https://guide.michelin.com/kr/en/seoul-capital-area/kr-seoul/restaurant/table-for-four
306,Zero Complex,2019,37.49417,126.9948,Seoul,Innovative,$$$,https://guide.michelin.com/kr/en/seoul-capital-area/kr-seoul/restaurant/zero-complex
307,Jin Jin,2019,37.55777,126.91324,Seoul,Chinese,$,https://guide.michelin.com/kr/en/seoul-capital-area/kr-seoul/restaurant/jin-jin
308,Gotgan,2019,37.52212,126.92022,Seoul,Korean,$$$$,https://guide.michelin.com/kr/en/seoul-capital-area/kr-seoul/restaurant/gotgan
309,Hill Street Tai Hwa Pork Noodle,2018,1.3052,103.8624,Singapore,Street Food,$,https://guide.michelin.com/sg/en/singapore-region/singapore/restaurant/hill-street-tai-hwa-pork-noodle
310,Putien (Kitchener Road),2018,1.30969,103.8573,Singapore,Fujian,$,https://guide.michelin.com/sg/en/singapore-region/singapore/restaurant/putien-kitchener-road
311,Chef Kang's,2018,1.304735,103.84955,Singapore,Cantonese,$$$,https://guide.michelin.com/sg/en/singapore-region/singapore/restaurant/chef-kang-s
312,Garibaldi,2018,1.296564,103.855,Singapore,Italian,$,https://guide.michelin.com/sg/en/singapore-region/singapore/restaurant/garibaldi
313,Summer Pavilion,2018,1.291284,103.8603,Singapore,Cantonese,$$,https://guide.michelin.com/sg/en/singapore-region/singapore/restaurant/summer-pavilion
314,Shinji (Bras Basah Road),2018,1.2959028,103.8539,Singapore,Sushi,$$,https://guide.michelin.com/sg/en/singapore-region/singapore/restaurant/shinji-bras-basah-road
315,The Song of India,2018,1.310767,103.8353,Singapore,Indian,$,https://guide.michelin.com/sg/en/singapore-region/singapore/restaurant/the-song-of-india
316,Lei Garden,2018,1.295228,103.8521,Singapore,Cantonese,$,https://guide.michelin.com/sg/en/singapore-region/singapore/restaurant/lei-garden501509
317,Whitegrass,2018,1.295452,103.8516,Singapore,Australian,$$,https://guide.michelin.com/sg/en/singapore-region/singapore/restaurant/whitegrass
318,Jaan,2018,1.293184,103.8529,Singapore,French contemporary,$$$,https://guide.michelin.com/sg/en/singapore-region/singapore/restaurant/jaan
319,Labyrinth,2018,1.2899688,103.8562,Singapore,Innovative,$$,https://guide.michelin.com/sg/en/singapore-region/singapore/restaurant/labyrinth
320,Cut,2018,1.2853268,103.8607,Singapore,Steakhouse,$$$,https://guide.michelin.com/sg/en/singapore-region/singapore/restaurant/cut
321,Alma,2018,1.309123,103.834,Singapore,European contemporary,$,https://guide.michelin.com/sg/en/singapore-region/singapore/restaurant/alma
322,Béni,2018,1.302379,103.8366,Singapore,French contemporary,$$,https://guide.michelin.com/sg/en/singapore-region/singapore/restaurant/beni
323,Crystal Jade Golden Palace,2018,1.303244,103.8353,Singapore,Chinese,$,https://guide.michelin.com/sg/en/singapore-region/singapore/restaurant/crystal-jade-golden-palace
324,Imperial Treasure Fine Teochew Cuisine (Orchard),2018,1.3032448,103.8349,Singapore,Chinese,$,https://guide.michelin.com/sg/en/singapore-region/singapore/restaurant/imperial-treasure-fine-teochew-cuisine-orchard
325,Saint Pierre,2018,1.285781,103.8538,Singapore,French contemporary,$$,https://guide.michelin.com/sg/en/singapore-region/singapore/restaurant/saint-pierre
326,Sushi Ichi,2018,1.305105,103.8324,Singapore,Sushi,$$$,https://guide.michelin.com/sg/en/singapore-region/singapore/restaurant/sushi-ichi
327,Sushi Kimura,2018,1.3063719,103.829475,Singapore,Sushi,$$$$,https://guide.michelin.com/sg/en/singapore-region/singapore/restaurant/sushi-kimura
328,Iggy's,2018,1.305986,103.8294,Singapore,European contemporary,$$$,https://guide.michelin.com/sg/en/singapore-region/singapore/restaurant/iggy-s
329,Braci,2018,1.287212,103.84949,Singapore,Italian contemporary,$$,https://guide.michelin.com/sg/en/singapore-region/singapore/restaurant/braci
330,Jiang-Nan Chun,2018,1.304937,103.8288,Singapore,Cantonese,$$$,https://guide.michelin.com/sg/en/singapore-region/singapore/restaurant/jiang-nan-chun
331,Bacchanalia,2018,1.2874758,103.8474,Singapore,Innovative,$$,https://guide.michelin.com/sg/en/singapore-region/singapore/restaurant/bacchanalia
332,Shinji (Tanglin Road),2018,1.305821,103.8257,Singapore,Sushi,$$$$,https://guide.michelin.com/sg/en/singapore-region/singapore/restaurant/shinji-tanglin-road
333,Corner House,2018,1.315121,103.8154,Singapore,Innovative,$$,https://guide.michelin.com/sg/en/singapore-region/singapore/restaurant/corner-house
334,Summer Palace,2018,1.3043848,103.825,Singapore,Cantonese,$,https://guide.michelin.com/sg/en/singapore-region/singapore/restaurant/summer-palace501658
335,Cheek by Jowl,2018,1.281301,103.84849,Singapore,Australian,$,https://guide.michelin.com/sg/en/singapore-region/singapore/restaurant/cheek-by-jowl
336,Nouri,2018,1.28086,103.84713,Singapore,Innovative,$,https://guide.michelin.com/sg/en/singapore-region/singapore/restaurant/nouri
337,Liao Fan Hong Kong Soya Sauce Chicken Rice & Noodle,2018,1.28248,103.8439,Singapore,Street Food,$,https://guide.michelin.com/sg/en/singapore-region/singapore/restaurant/liao-fan-hong-kong-soya-sauce-chicken-rice-noodle
338,Burnt Ends,2018,1.280501,103.8418,Singapore,Barbecue,$$,https://guide.michelin.com/sg/en/singapore-region/singapore/restaurant/burnt-ends
339,Rhubarb,2018,1.279368,103.843,Singapore,French contemporary,$,https://guide.michelin.com/sg/en/singapore-region/singapore/restaurant/rhubarb
340,Meta,2018,1.279372,103.8415,Singapore,Innovative,$$,https://guide.michelin.com/sg/en/singapore-region/singapore/restaurant/meta
341,Ma Cuisine,2018,1.27826,103.842,Singapore,French,$,https://guide.michelin.com/sg/en/singapore-region/singapore/restaurant/ma-cuisine
342,Candlenut,2018,1.2797709,103.8402,Singapore,Peranakan,$,https://guide.michelin.com/sg/en/singapore-region/singapore/restaurant/candlenut
343,Bhoga,2019,57.70618,11.9624,Göteborg,Creative,$$$,https://guide.michelin.com/se/en/vastra-gotaland/goteborg/restaurant/bhoga
344,Koka,2019,57.698406,11.965365,Göteborg,Modern cuisine,$$$,https://guide.michelin.com/se/en/vastra-gotaland/goteborg/restaurant/koka
345,28+,2019,57.69809,11.97377,Göteborg,Modern cuisine,$$$,https://guide.michelin.com/se/en/vastra-gotaland/goteborg/restaurant/28
346,SK Mat & Människor,2019,57.69688,11.98338,Göteborg,Modern cuisine,$$$,https://guide.michelin.com/se/en/vastra-gotaland/goteborg/restaurant/sk-mat-manniskor
347,Thörnströms Kök,2019,57.69437,11.977609,Göteborg,Classic cuisine,$$$,https://guide.michelin.com/se/en/vastra-gotaland/goteborg/restaurant/thornstroms-kok
348,Upper House,2019,57.69745,11.99021,Göteborg,Creative,$$$$,https://guide.michelin.com/se/en/vastra-gotaland/goteborg/restaurant/upper-house
349,Agrikultur,2019,59.34777,18.05863,Stockholm,Modern cuisine,$$$$,https://guide.michelin.com/se/en/stockholm-region/stockholm/restaurant/agrikultur
350,Sushi Sho,2019,59.341286,18.049892,Stockholm,Japanese,$$$,https://guide.michelin.com/se/en/stockholm-region/stockholm/restaurant/sushi-sho
351,Volt,2019,59.33867,18.079683,Stockholm,Creative,$$$,https://guide.michelin.com/se/en/stockholm-region/stockholm/restaurant/volt
352,Ekstedt,2019,59.33674,18.07521,Stockholm,Meats and grills,$$$,https://guide.michelin.com/se/en/stockholm-region/stockholm/restaurant/ekstedt
353,Operakällaren,2019,59.329876,18.071363,Stockholm,Classic cuisine,$$$$,https://guide.michelin.com/se/en/stockholm-region/stockholm/restaurant/operakallaren
354,Mathias Dahlgren-Matbaren,2019,59.32935,18.07543,Stockholm,Modern cuisine,$$,https://guide.michelin.com/se/en/stockholm-region/stockholm/restaurant/mathias-dahlgren-matbaren
355,Aloë,2019,59.2842,17.985748,Stockholm,Creative,$$$$,https://guide.michelin.com/se/en/stockholm-region/stockholm/restaurant/aloe
356,PM & Vänner,2019,56.87892,14.80387,Växjö,Creative,$$$,https://guide.michelin.com/se/en/kronoberg/vaxjo/restaurant/pm-vanner
357,Bloom in the Park,2019,55.59064,12.99794,Malmö,Creative,$$,https://guide.michelin.com/se/en/skane/malmo/restaurant/bloom-in-the-park
358,SAV,2019,55.53376,13.00537,Malmö,Creative,$$$,https://guide.michelin.com/se/en/skane/malmo/restaurant/sav
359,Golden Formosa,2019,25.118216,121.53623,Taipei,Taiwanese,$$,https://guide.michelin.com/tw/en/taipei-region/taipei/restaurant/golden-formosa
360,Danny's Steakhouse,2019,25.082657,121.552765,Taipei,Steakhouse,$$,https://guide.michelin.com/tw/en/taipei-region/taipei/restaurant/danny-s-steakhouse
361,L'Atelier de Joël Robuchon,2019,25.039188,121.56771,Taipei,French contemporary,$$$,https://guide.michelin.com/tw/en/taipei-region/taipei/restaurant/l-atelier-de-joel-robuchon550759
362,Kitcho,2019,25.04429,121.55076,Taipei,Sushi,$$$$,https://guide.michelin.com/tw/en/taipei-region/taipei/restaurant/kitcho
363,Tien Hsiang Lo,2019,25.062696,121.529976,Taipei,Hang Zhou,$$,https://guide.michelin.com/tw/en/taipei-region/taipei/restaurant/tien-hsiang-lo
364,Ya Ge,2019,25.06625,121.52533,Taipei,Cantonese,$$,https://guide.michelin.com/tw/en/taipei-region/taipei/restaurant/ya-ge
365,Da-Wan,2019,25.043018,121.55019,Taipei,Barbecue,$$$,https://guide.michelin.com/tw/en/taipei-region/taipei/restaurant/da-wan
366,Sushi Nomura,2019,25.03618,121.55465,Taipei,Sushi,$$$,https://guide.michelin.com/tw/en/taipei-region/taipei/restaurant/sushi-nomura
367,logy,2019,25.03561,121.55323,Taipei,Asian contemporary,$$$$,https://guide.michelin.com/tw/en/taipei-region/taipei/restaurant/logy
368,Ming Fu,2019,25.06171,121.52399,Taipei,Taiwanese,$$$,https://guide.michelin.com/tw/en/taipei-region/taipei/restaurant/ming-fu
369,Ken An Ho,2019,25.034622,121.55281,Taipei,Japanese,$$$$,https://guide.michelin.com/tw/en/taipei-region/taipei/restaurant/ken-an-ho
370,Sushi Ryu,2019,25.055832,121.52724,Taipei,Sushi,$$$$,https://guide.michelin.com/tw/en/taipei-region/taipei/restaurant/sushi-ryu
371,MUME,2019,25.036266,121.54809,Taipei,European contemporary,$$$,https://guide.michelin.com/tw/en/taipei-region/taipei/restaurant/mume
372,Impromptu by Paul Lee,2019,25.05429,121.524254,Taipei,Innovative,$$$,https://guide.michelin.com/tw/en/taipei-region/taipei/restaurant/impromptu-by-paul-lee
373,Longtail,2019,25.023922,121.54841,Taipei,Innovative,$$,https://guide.michelin.com/tw/en/taipei-region/taipei/restaurant/longtail
374,Mountain and Sea House,2019,25.038046,121.531395,Taipei,Taiwanese,$$,https://guide.michelin.com/tw/en/taipei-region/taipei/restaurant/mountain-and-sea-house
375,Da San Yuan,2019,25.042248,121.512215,Taipei,Cantonese,$,https://guide.michelin.com/tw/en/taipei-region/taipei/restaurant/da-san-yuan
376,Tainan Tan Tsu Mien Seafood,2019,25.03799,121.4984,Taipei,Seafood,$$,https://guide.michelin.com/tw/en/taipei-region/taipei/restaurant/tainan-tan-tsu-mien-seafood
377,Suan Thip,2019,13.926962,100.502144,Bangkok,Thai,$,https://guide.michelin.com/th/en/bangkok-region/bangkok/restaurant/suan-thip
378,Upstairs at Mikkeller,2019,13.727946,100.58844,Bangkok,Innovative,$$$$$,https://guide.michelin.com/th/en/bangkok-region/bangkok/restaurant/upstairs-at-mikkeller
379,Chim by Siam Wisdom,2019,13.740706,100.56789,Bangkok,Thai,$$$,https://guide.michelin.com/th/en/bangkok-region/bangkok/restaurant/chim-by-siam-wisdom
380,R-Haan,2019,13.731805,100.57972,Bangkok,Thai,$$$$,https://guide.michelin.com/th/en/bangkok-region/bangkok/restaurant/r-haan
381,Canvas,2019,13.728886,100.580826,Bangkok,Innovative,$$$$,https://guide.michelin.com/th/en/bangkok-region/bangkok/restaurant/canvas566292
382,Bo.lan,2019,13.726389,100.57799,Bangkok,Thai,$$$$$,https://guide.michelin.com/th/en/bangkok-region/bangkok/restaurant/bo-lan
383,Sra Bua by Kiin Kiin,2019,13.754137,100.53451,Bangkok,Thai Contemporary,$$$,https://guide.michelin.com/th/en/bangkok-region/bangkok/restaurant/sra-bua-by-kiin-kiin
384,Elements,2019,13.742978,100.54798,Bangkok,French contemporary,$$$$,https://guide.michelin.com/th/en/bangkok-region/bangkok/restaurant/elements
385,Paste,2019,13.744594,100.540565,Bangkok,Thai,$$$,https://guide.michelin.com/th/en/bangkok-region/bangkok/restaurant/paste
386,Ginza Sushi ichi,2019,13.744069,100.54092,Bangkok,Sushi,$$$$,https://guide.michelin.com/th/en/bangkok-region/bangkok/restaurant/ginza-sushi-ichi
387,Sorn,2019,13.723242,100.56848,Bangkok,Southern Thai,$$$$$,https://guide.michelin.com/th/en/bangkok-region/bangkok/restaurant/sorn
388,Savelberg,2019,13.738216,100.54642,Bangkok,French contemporary,$$$,https://guide.michelin.com/th/en/bangkok-region/bangkok/restaurant/savelberg
389,Saneh Jaan,2019,13.735739,100.54605,Bangkok,Thai,$$,https://guide.michelin.com/th/en/bangkok-region/bangkok/restaurant/saneh-jaan
390,Gaa,2019,13.737806,100.54275,Bangkok,Innovative,$$$$,https://guide.michelin.com/th/en/bangkok-region/bangkok/restaurant/gaa
391,Methavalai Sorndaeng,2019,13.756321,100.502045,Bangkok,Thai,$$,https://guide.michelin.com/th/en/bangkok-region/bangkok/restaurant/methavalai-sorndaeng
392,Jay Fai,2019,13.752614,100.50466,Bangkok,Street Food,$$,https://guide.michelin.com/th/en/bangkok-region/bangkok/restaurant/jay-fai
393,Nahm,2019,13.724357,100.53926,Bangkok,Thai,$$$,https://guide.michelin.com/th/en/bangkok-region/bangkok/restaurant/nahm
394,J'AIME by Jean-Michel Lorain,2019,13.718885,100.546326,Bangkok,French contemporary,$$$,https://guide.michelin.com/th/en/bangkok-region/bangkok/restaurant/j-aime-by-jean-michel-lorain
395,Saawaan,2019,13.721809,100.53741,Bangkok,Thai Contemporary,$$$$,https://guide.michelin.com/th/en/bangkok-region/bangkok/restaurant/saawaan
396,Le Du,2019,13.725005,100.52939,Bangkok,Thai,$$$$,https://guide.michelin.com/th/en/bangkok-region/bangkok/restaurant/le-du
397,Ruean Panya,2019,13.558403,100.28264,Bangkok,Thai,$$,https://guide.michelin.com/th/en/bangkok-region/bangkok/restaurant/ruean-panya
398,PRU,2019,8.034298,98.2764,Phuket,Innovative,$$$$$,https://guide.michelin.com/th/en/phuket-region/phuket/restaurant/pru
399,Blue Duck Tavern,2019,38.905373,-77.05128,"Washington, D.C.",American,$$$,https://guide.michelin.com/us/en/washington/washington-dc/restaurant/blue-duck-tavern
400,Tail Up Goat,2019,38.9235,-77.043274,"Washington, D.C.",Contemporary,$$,https://guide.michelin.com/us/en/washington/washington-dc/restaurant/tail-up-goat
401,Komi,2019,38.910107,-77.03836,"Washington, D.C.",Mediterranean,$$$$,https://guide.michelin.com/us/en/washington/washington-dc/restaurant/komi
402,Sushi Taro,2019,38.909992,-77.03834,"Washington, D.C.",Japanese,$$$$,https://guide.michelin.com/us/en/washington/washington-dc/restaurant/sushi-taro
403,Plume,2019,38.906,-77.03671,"Washington, D.C.",European,$$$$,https://guide.michelin.com/us/en/washington/washington-dc/restaurant/plume
404,Siren by RW,2019,38.907776,-77.035446,"Washington, D.C.",Seafood,$$$,https://guide.michelin.com/us/en/washington/washington-dc/restaurant/siren-by-rw
405,Bresca,2019,38.91584,-77.0321,"Washington, D.C.",Contemporary,$$,https://guide.michelin.com/us/en/washington/washington-dc/restaurant/bresca
406,The Dabney,2019,38.906292,-77.024666,"Washington, D.C.",American,$$,https://guide.michelin.com/us/en/washington/washington-dc/restaurant/the-dabney
407,Métier,2019,38.903503,-77.0218,"Washington, D.C.",Contemporary,$$$$,https://guide.michelin.com/us/en/washington/washington-dc/restaurant/metier
408,Kinship,2019,38.903282,-77.0218,"Washington, D.C.",Contemporary,$$$,https://guide.michelin.com/us/en/washington/washington-dc/restaurant/kinship
409,Fiola,2019,38.89416,-77.02032,"Washington, D.C.",Italian,$$$$,https://guide.michelin.com/us/en/washington/washington-dc/restaurant/fiola
410,Masseria,2019,38.909504,-76.99908,"Washington, D.C.",Italian,$$$,https://guide.michelin.com/us/en/washington/washington-dc/restaurant/masseria
411,Rose's Luxury,2019,38.88064,-76.99515,"Washington, D.C.",Contemporary,$$,https://guide.michelin.com/us/en/washington/washington-dc/restaurant/rose-s-luxury
412,Loch Bay,2019,57.51487,-6.57114,Waternish,Modern cuisine,N/A,https://guide.michelin.com/gb/en/highland/waternish/restaurant/loch-bay
413,Braidwoods,2019,55.69474,-4.7425,Dalry,Classic cuisine,N/A,https://guide.michelin.com/gb/en/north-ayrshire/dalry/restaurant/braidwoods
414,Eipic,2019,54.595898,-5.9322424,Belfast,Modern cuisine,N/A,https://guide.michelin.com/gb/en/belfast/belfast/restaurant/eipic
415,OX,2019,54.59891,-5.92198,Belfast,Modern British,N/A,https://guide.michelin.com/gb/en/belfast/belfast/restaurant/ox399109
416,The Peat Inn,2019,56.27861,-2.8845797,Peat Inn,Classic cuisine,N/A,https://guide.michelin.com/gb/en/fife/peat-inn/restaurant/the-peat-inn
417,Kitchin,2019,55.976967,-3.172842,Leith,Modern cuisine,N/A,https://guide.michelin.com/gb/en/city-of-edinburgh/leith/restaurant/kitchin
418,Martin Wishart,2019,55.97552,-3.17019,Leith,Modern cuisine,N/A,https://guide.michelin.com/gb/en/city-of-edinburgh/leith/restaurant/martin-wishart
419,Number One,2019,55.95298,-3.18966,Edinburgh,Modern cuisine,N/A,https://guide.michelin.com/gb/en/city-of-edinburgh/edinburgh/restaurant/number-one
420,21212,2019,55.95674,-3.18018,Edinburgh,Creative,N/A,https://guide.michelin.com/gb/en/city-of-edinburgh/edinburgh/restaurant/21212
421,The Cellar,2019,56.222126,-2.696321,Anstruther,Modern cuisine,N/A,https://guide.michelin.com/gb/en/fife/anstruther/restaurant/the-cellar
422,Forest Side,2019,54.46396,-3.0157998,Grasmere,Modern British,N/A,https://guide.michelin.com/gb/en/cumbria/grasmere/restaurant/forest-side
423,HRiSHi,2019,54.35013,-2.91172,Bowness-on-Windermere,Modern cuisine,N/A,https://guide.michelin.com/gb/en/cumbria/bowness-on-windermere/restaurant/hrishi
424,Rogan & Co,2019,54.20074,-2.95464,Cartmel,Creative British,N/A,https://guide.michelin.com/gb/en/cumbria/cartmel/restaurant/rogan-co
425,House of Tides,2019,54.96758,-1.61127,Newcastle upon Tyne,Modern cuisine,N/A,https://guide.michelin.com/gb/en/tyne-and-wear/newcastle-upon-tyne/restaurant/house-of-tides
426,Sosban & The Old Butchers,2019,53.225925,-4.163006,Menai Bridge/Porthaethwy,Modern cuisine,N/A,https://guide.michelin.com/gb/en/isle-of-anglesey/menai-bridge-porthaethwy/restaurant/sosban-the-old-butchers
427,Northcote,2019,53.80933,-2.4476,Langho,Modern British,N/A,https://guide.michelin.com/gb/en/lancashire/langho/restaurant/northcote
428,Yorke Arms,2019,54.13435,-1.8183095,Pateley Bridge,Modern cuisine,N/A,https://guide.michelin.com/gb/en/north-yorkshire/pateley-bridge/restaurant/yorke-arms
429,Fraiche,2019,53.38183,-3.04307,Birkenhead,Creative,N/A,https://guide.michelin.com/gb/en/merseyside/birkenhead/restaurant/fraiche
430,White Swan,2019,53.83916,-2.25097,Fence,Modern British,N/A,https://guide.michelin.com/gb/en/lancashire/fence/restaurant/white-swan
431,Tyddyn Llan,2019,52.92405,-3.44329,Llandrillo,Classic cuisine,N/A,https://guide.michelin.com/gb/en/denbighshire/llandrillo/restaurant/tyddyn-llan
432,Ynyshir,2019,52.54476,-3.94491,Machynlleth,Creative,N/A,https://guide.michelin.com/gb/en/ceredigion/machynlleth/restaurant/ynyshir
433,Black Swan,2019,54.21205,-1.1879199,Oldstead,Modern British,N/A,https://guide.michelin.com/gb/en/north-yorkshire/oldstead/restaurant/black-swan
434,Simon Radley at Chester Grosvenor,2019,53.19064,-2.88913,Chester,Modern cuisine,N/A,https://guide.michelin.com/gb/en/cheshire-west-and-chester/chester/restaurant/simon-radley-at-chester-grosvenor
435,Star Inn at Harome,2019,54.23101,-1.01023,Harome,Modern British,N/A,https://guide.michelin.com/gb/en/north-yorkshire/harome/restaurant/star-inn-at-harome
436,The Man Behind The Curtain,2019,53.798286,-1.539937,Leeds,Creative,N/A,https://guide.michelin.com/gb/en/kent/leeds/restaurant/the-man-behind-the-curtain
437,The Checkers,2019,52.55568,-3.13769,Montgomery/Trefaldwyn,French,N/A,https://guide.michelin.com/gb/en/powys/montgomery-trefaldwyn/restaurant/the-checkers
438,Pipe and Glass,2019,53.8955,-0.53301,South Dalton,Modern British,N/A,https://guide.michelin.com/gb/en/east-riding-of-yorkshire/south-dalton/restaurant/pipe-and-glass
439,Fischer's at Baslow Hall,2019,53.25055,-1.6269798,Baslow,Modern cuisine,N/A,https://guide.michelin.com/gb/en/derbyshire/baslow/restaurant/fischer-s-at-baslow-hall
440,Winteringham Fields,2019,53.68778,-0.59013,Winteringham,Modern cuisine,N/A,https://guide.michelin.com/gb/en/north-lincolnshire/winteringham/restaurant/winteringham-fields
441,Thomas Carr @ The Olive Room,2019,51.209476,-4.118807,Ilfracombe,Seafood,N/A,https://guide.michelin.com/gb/en/devon/ilfracombe/restaurant/thomas-carr-the-olive-room
442,Walnut Tree,2019,51.84534,-2.95438,Llanddewi Skirrid,Modern British,N/A,https://guide.michelin.com/gb/en/monmouthshire/llanddewi-skirrid/restaurant/walnut-tree
443,Paul Ainsworth at No.6,2019,50.541534,-4.9398518,Padstow,Modern cuisine,N/A,https://guide.michelin.com/gb/en/cornwall/padstow/restaurant/paul-ainsworth-at-no-6
444,Simpsons,2019,52.46925,-1.9238801,Birmingham,Modern cuisine,N/A,https://guide.michelin.com/gb/en/west-midlands/birmingham/restaurant/simpsons
445,Purnell's,2019,52.48268,-1.9018,Birmingham,Modern cuisine,N/A,https://guide.michelin.com/gb/en/west-midlands/birmingham/restaurant/purnell-s
446,Adam's,2019,52.47964,-1.900286,Birmingham,Modern cuisine,N/A,https://guide.michelin.com/gb/en/west-midlands/birmingham/restaurant/adam-s
447,Outlaw's Fish Kitchen,2019,50.59206,-4.832,Port Isaac,Seafood,N/A,https://guide.michelin.com/gb/en/cornwall/port-isaac/restaurant/outlaw-s-fish-kitchen
448,Carters of Moseley,2019,52.44588,-1.88384,Birmingham,Modern British,N/A,https://guide.michelin.com/gb/en/west-midlands/birmingham/restaurant/carters-of-moseley
449,Peel's,2019,52.4259,-1.70536,Hampton in Arden,Creative British,N/A,https://guide.michelin.com/gb/en/west-midlands/hampton-in-arden/restaurant/peel-s
450,John's House,2019,52.73295,-1.145851,Mountsorrel,Modern cuisine,N/A,https://guide.michelin.com/gb/en/leicestershire/mountsorrel/restaurant/john-s-house
451,The Whitebrook,2019,51.759697,-2.686909,Whitebrook,Modern British,N/A,https://guide.michelin.com/gb/en/monmouthshire/whitebrook/restaurant/the-whitebrook
452,James Sommerin,2019,51.434387,-3.167951,Penarth,Modern cuisine,N/A,https://guide.michelin.com/gb/en/the-vale-of-glamorgan/penarth/restaurant/james-sommerin
453,Driftwood,2019,50.1889,-4.97088,Portscatho,Modern cuisine,N/A,https://guide.michelin.com/gb/en/cornwall/portscatho/restaurant/driftwood
454,The Cross at Kenilworth,2019,52.350315,-1.5801147,Kenilworth,Classic cuisine,N/A,https://guide.michelin.com/gb/en/warwickshire/kenilworth/restaurant/the-cross-at-kenilworth
455,Masons Arms,2019,50.99547,-3.67163,Knowstone,Classic French,N/A,https://guide.michelin.com/gb/en/devon/knowstone/restaurant/masons-arms
456,Salt,2019,52.18963,-1.7092043,Stratford-upon-Avon,Modern British,N/A,https://guide.michelin.com/gb/en/warwickshire/stratford-upon-avon/restaurant/salt522869
457,Le Champignon Sauvage,2019,51.89146,-2.07912,Cheltenham,Modern cuisine,N/A,https://guide.michelin.com/gb/en/gloucestershire/cheltenham/restaurant/le-champignon-sauvage
458,Gidleigh Park,2019,50.67658,-3.87354,Chagford,Modern cuisine,N/A,https://guide.michelin.com/gb/en/devon/chagford/restaurant/gidleigh-park
459,Hambleton Hall,2019,52.65737,-0.66812,Upper Hambleton,Classic cuisine,N/A,https://guide.michelin.com/gb/en/rutland/upper-hambleton/restaurant/hambleton-hall
460,wilks,2019,51.46737,-2.6069899,Bristol,Modern British,N/A,https://guide.michelin.com/gb/en/south-gloucestershire/bristol/restaurant/wilks
461,Bulrush,2019,51.46278,-2.597758,Bristol,Modern British,N/A,https://guide.michelin.com/gb/en/south-gloucestershire/bristol/restaurant/bulrush
462,Casamia,2019,51.447254,-2.5940728,Bristol,Creative,N/A,https://guide.michelin.com/gb/en/south-gloucestershire/bristol/restaurant/casamia
463,Paco Tapas,2019,51.44647,-2.59358,Bristol,Spanish,N/A,https://guide.michelin.com/gb/en/south-gloucestershire/bristol/restaurant/paco-tapas
464,Pony & Trap,2019,51.34938,-2.5925994,Chew Magna,Modern British,N/A,https://guide.michelin.com/gb/en/bath-and-north-east-somerset/chew-magna/restaurant/pony-trap
465,The Dining Room,2019,51.58376,-2.14954,Malmesbury,Asian influences,N/A,https://guide.michelin.com/gb/en/wiltshire/malmesbury/restaurant/the-dining-room193454
466,Bybrook,2019,51.49382,-2.23212,Castle Combe,Modern British,N/A,https://guide.michelin.com/gb/en/wiltshire/castle-combe/restaurant/bybrook
467,Restaurant Hywel Jones by Lucknam Park,2019,51.45502,-2.25941,Colerne,Modern British,N/A,https://guide.michelin.com/gb/en/wiltshire/colerne/restaurant/restaurant-hywel-jones-by-lucknam-park
468,Olive Tree,2019,51.38707,-2.3627,Bath,Modern cuisine,N/A,https://guide.michelin.com/gb/en/bath-and-north-east-somerset/bath/restaurant/olive-tree
469,Lympstone Manor,2019,50.64069,-3.4186063,Lympstone,Modern cuisine,N/A,https://guide.michelin.com/gb/en/devon/lympstone/restaurant/lympstone-manor
470,The Neptune,2019,52.9511,0.50927,Hunstanton,Modern cuisine,N/A,https://guide.michelin.com/gb/en/norfolk/hunstanton/restaurant/the-neptune
471,Elephant,2019,50.45853,-3.52438,Torquay,Modern British,N/A,https://guide.michelin.com/gb/en/torbay/torquay/restaurant/elephant
472,Oxford Kitchen,2019,51.776733,-1.264794,Oxford,Modern British,N/A,https://guide.michelin.com/gb/en/oxfordshire/oxford/restaurant/oxford-kitchen
473,Nut Tree,2019,51.83618,-1.1499,Murcott,Traditional British,N/A,https://guide.michelin.com/gb/en/oxfordshire/murcott/restaurant/nut-tree
474,Morston Hall,2019,52.95473,0.98729,Morston,Modern British,N/A,https://guide.michelin.com/gb/en/norfolk/morston/restaurant/morston-hall
475,Red Lion Freehouse,2019,51.2736,-1.8007996,East Chisenbury,Classic cuisine,N/A,https://guide.michelin.com/gb/en/wiltshire/east-chisenbury/restaurant/red-lion-freehouse
476,Blackbird,2019,51.420887,-1.3493549,Newbury,Classic cuisine,N/A,https://guide.michelin.com/gb/en/west-berkshire/newbury/restaurant/blackbird552018
477,Woodspeen,2019,51.415802,-1.353532,Newbury,Modern cuisine,N/A,https://guide.michelin.com/gb/en/west-berkshire/newbury/restaurant/woodspeen
478,The Coach,2019,51.571712,-0.7772678,Marlow,Modern British,N/A,https://guide.michelin.com/gb/en/buckinghamshire/marlow/restaurant/the-coach
479,Crown,2019,51.524807,-0.7915291,Burchett's Green,Regional cuisine,N/A,https://guide.michelin.com/gb/en/windsor-and-maidenhead/burchett-s-green/restaurant/crown442549
480,L'Ortolan,2019,51.40833,-0.9542898,Shinfield,French,N/A,https://guide.michelin.com/gb/en/wokingham/shinfield/restaurant/l-ortolan
481,Hinds Head,2019,51.51265,-0.69641,Bray,Traditional British,N/A,https://guide.michelin.com/gb/en/buckinghamshire/bray/restaurant/hinds-head
482,Black Rat,2019,51.05796,-1.3069497,Winchester,Modern cuisine,N/A,https://guide.michelin.com/gb/en/hampshire/winchester/restaurant/black-rat
483,Matt Worswick at The Latymer,2019,51.35764,-0.7086128,Bagshot,Modern cuisine,N/A,https://guide.michelin.com/gb/en/surrey/bagshot/restaurant/matt-worswick-at-the-latymer
484,Coworth Park,2019,51.40463,-0.616715,Ascot,Modern cuisine,N/A,https://guide.michelin.com/gb/en/windsor-and-maidenhead/ascot/restaurant/coworth-park
485,Tudor Room,2019,51.41759,-0.545847,Egham,Modern cuisine,N/A,https://guide.michelin.com/gb/en/surrey/egham/restaurant/tudor-room
486,The Glasshouse,2019,51.4771,-0.28574,Kew,Modern cuisine,N/A,https://guide.michelin.com/gb/en/greater-london/kew/restaurant/the-glasshouse
487,La Trompette,2019,51.49222,-0.25619,Chiswick,Modern British,N/A,https://guide.michelin.com/gb/en/greater-london/chiswick/restaurant/la-trompette
488,Tim Allen's Flitch of Bacon,2019,51.86747,0.404134,Little Dunmow,Modern British,N/A,https://guide.michelin.com/gb/en/essex/little-dunmow/restaurant/tim-allen-s-flitch-of-bacon
489,River Café,2019,51.48395,-0.22423,Hammersmith,Italian,N/A,https://guide.michelin.com/gb/en/greater-london/hammersmith/restaurant/river-cafe
490,Kitchen W8,2019,51.49918,-0.19692,Kensington,Modern cuisine,N/A,https://guide.michelin.com/gb/en/greater-london/kensington/restaurant/kitchen-w8
491,Trishna,2019,51.51834,-0.153031,Marylebone,Indian,N/A,https://guide.michelin.com/gb/en/greater-london/marylebone/restaurant/trishna
492,Roganic,2019,51.518314,-0.1520875,Marylebone,Creative British,N/A,https://guide.michelin.com/gb/en/greater-london/marylebone/restaurant/roganic
493,Locanda Locatelli,2019,51.51514,-0.15675,Marylebone,Italian,N/A,https://guide.michelin.com/gb/en/greater-london/marylebone/restaurant/locanda-locatelli
494,Texture,2019,51.51488,-0.15664,Marylebone,Creative,N/A,https://guide.michelin.com/gb/en/greater-london/marylebone/restaurant/texture
495,Portland,2019,51.519726,-0.142555,Regent's Park,Modern cuisine,N/A,https://guide.michelin.com/gb/en/greater-london/regent-s-park/restaurant/portland
496,Harwood Arms,2019,51.48291,-0.19651,Fulham,Modern British,N/A,https://guide.michelin.com/gb/en/greater-london/fulham/restaurant/harwood-arms
497,Pied à Terre,2019,51.519,-0.13511,Bloomsbury,Creative,N/A,https://guide.michelin.com/gb/en/greater-london/bloomsbury/restaurant/pied-a-terre
498,The Ninth,2019,51.51875,-0.1350068,Bloomsbury,Mediterranean cuisine,N/A,https://guide.michelin.com/gb/en/greater-london/bloomsbury/restaurant/the-ninth
499,Kai,2019,51.50871,-0.15162,Mayfair,Chinese,N/A,https://guide.michelin.com/gb/en/greater-london/mayfair/restaurant/kai123638
500,Pollen Street Social,2019,51.5133,-0.14234,Mayfair,Creative,N/A,https://guide.michelin.com/gb/en/greater-london/mayfair/restaurant/pollen-street-social
501,Hakkasan Mayfair,2019,51.51037,-0.14475,Mayfair,Chinese,N/A,https://guide.michelin.com/gb/en/greater-london/mayfair/restaurant/hakkasan-mayfair
502,The Square,2019,51.51069,-0.14401,Mayfair,Creative French,N/A,https://guide.michelin.com/gb/en/greater-london/mayfair/restaurant/the-square69391
503,Alyn Williams at The Westbury,2019,51.51118,-0.14303,Mayfair,Modern cuisine,N/A,https://guide.michelin.com/gb/en/greater-london/mayfair/restaurant/alyn-williams-at-the-westbury
504,Benares,2019,51.50973,-0.14494,Mayfair,Indian,N/A,https://guide.michelin.com/gb/en/greater-london/mayfair/restaurant/benares
505,Hakkasan Hanway Place,2019,51.5171,-0.13144,Bloomsbury,Chinese,N/A,https://guide.michelin.com/gb/en/greater-london/bloomsbury/restaurant/hakkasan-hanway-place
506,Social Eating House,2019,51.51383,-0.13673,Soho,Modern cuisine,N/A,https://guide.michelin.com/gb/en/greater-london/soho/restaurant/social-eating-house
507,Galvin at Windows,2019,51.50539,-0.15039,Mayfair,Modern cuisine,N/A,https://guide.michelin.com/gb/en/greater-london/mayfair/restaurant/galvin-at-windows
508,Murano,2019,51.50707,-0.14722,Mayfair,Italian,N/A,https://guide.michelin.com/gb/en/greater-london/mayfair/restaurant/murano
509,Marcus,2019,51.50171,-0.15614,Belgravia,Modern cuisine,N/A,https://guide.michelin.com/gb/en/greater-london/belgravia/restaurant/marcus
510,Sabor,2019,51.511368,-0.1396773,Mayfair,Spanish,N/A,https://guide.michelin.com/gb/en/greater-london/mayfair/restaurant/sabor
511,Clock House,2019,51.30044,-0.49287,Ripley,Modern cuisine,N/A,https://guide.michelin.com/gb/en/surrey/ripley/restaurant/clock-house
512,Yauatcha Soho,2019,51.51367,-0.1352,Soho,Chinese,N/A,https://guide.michelin.com/gb/en/greater-london/soho/restaurant/yauatcha-soho
513,Céleste,2019,51.502422,-0.1522617,Belgravia,Creative French,N/A,https://guide.michelin.com/gb/en/greater-london/belgravia/restaurant/celeste
514,Gymkhana,2019,51.50854,-0.14154,Mayfair,Indian,N/A,https://guide.michelin.com/gb/en/greater-london/mayfair/restaurant/gymkhana
515,Amaya,2019,51.49912,-0.15731,Belgravia,Indian,N/A,https://guide.michelin.com/gb/en/greater-london/belgravia/restaurant/amaya
516,Pétrus,2019,51.49951,-0.15662,Belgravia,French,N/A,https://guide.michelin.com/gb/en/greater-london/belgravia/restaurant/petrus284688
517,Veeraswamy,2019,51.51008,-0.13809,Mayfair,Indian,N/A,https://guide.michelin.com/gb/en/greater-london/mayfair/restaurant/veeraswamy
518,Barrafina,2019,51.51375,-0.1318,Soho,Spanish,N/A,https://guide.michelin.com/gb/en/greater-london/soho/restaurant/barrafina
519,Hide,2019,51.506077,-0.144289,Mayfair,Modern British,N/A,https://guide.michelin.com/gb/en/greater-london/mayfair/restaurant/hide
520,Ritz Restaurant,2019,51.50728,-0.14141,Westminster,Modern British,N/A,https://guide.michelin.com/gb/en/greater-london/westminster/restaurant/ritz-restaurant
521,Elystan Street,2019,51.49124,-0.16724,Chelsea,Modern British,N/A,https://guide.michelin.com/gb/en/greater-london/chelsea/restaurant/elystan-street
522,Seven Park Place,2019,51.50623,-0.13998,Saint James's,Modern cuisine,N/A,https://guide.michelin.com/gb/en/greater-london/saint-james-s/restaurant/seven-park-place
523,Ikoyi,2019,51.509212,-0.1334389,Saint James's,Creative,N/A,https://guide.michelin.com/gb/en/greater-london/saint-james-s/restaurant/ikoyi
524,Aquavit,2019,51.508713,-0.1334072,Saint James's,Scandinavian,N/A,https://guide.michelin.com/gb/en/greater-london/saint-james-s/restaurant/aquavit501082
525,Five Fields,2019,51.49168,-0.16124,Chelsea,Modern cuisine,N/A,https://guide.michelin.com/gb/en/greater-london/chelsea/restaurant/five-fields
526,Dining Room at The Goring,2019,51.49763,-0.14556,Victoria,Traditional British,N/A,https://guide.michelin.com/gb/en/greater-london/victoria/restaurant/dining-room-at-the-goring
527,St John,2019,51.52064,-0.10133,Clerkenwell,Traditional British,N/A,https://guide.michelin.com/gb/en/greater-london/clerkenwell/restaurant/st-john
528,Quilon,2019,51.49863,-0.13726,Victoria,Indian,N/A,https://guide.michelin.com/gb/en/greater-london/victoria/restaurant/quilon
529,Club Gascon,2019,51.51857,-0.10031,London,French,N/A,https://guide.michelin.com/gb/en/greater-london/london/restaurant/club-gascon
530,A. Wong,2019,51.49318,-0.14128,Victoria,Chinese,N/A,https://guide.michelin.com/gb/en/greater-london/victoria/restaurant/a-wong
531,The Clove Club,2019,51.52711,-0.07927,Shoreditch,Modern cuisine,N/A,https://guide.michelin.com/gb/en/greater-london/shoreditch/restaurant/the-clove-club
532,Leroy,2019,51.524086,-0.0815337,Shoreditch,Modern British,N/A,https://guide.michelin.com/gb/en/greater-london/shoreditch/restaurant/leroy
533,Angler,2019,51.51894,-0.08625,Finsbury,Seafood,N/A,https://guide.michelin.com/gb/en/greater-london/finsbury/restaurant/angler392235
534,Brat,2019,51.52427,-0.0767681,Shoreditch,Traditional British,N/A,https://guide.michelin.com/gb/en/greater-london/shoreditch/restaurant/brat
535,Lyle's,2019,51.52378,-0.07704,Shoreditch,Modern British,N/A,https://guide.michelin.com/gb/en/greater-london/shoreditch/restaurant/lyle-s
536,Galvin La Chapelle,2019,51.52032,-0.0781,Spitalfields,French,N/A,https://guide.michelin.com/gb/en/greater-london/spitalfields/restaurant/galvin-la-chapelle
537,City Social,2019,51.51521,-0.08431,City of London,Modern cuisine,N/A,https://guide.michelin.com/gb/en/greater-london/city-of-london/restaurant/city-social
538,La Dame de Pic,2019,51.510372,-0.0788981,City of London,Modern French,N/A,https://guide.michelin.com/gb/en/greater-london/city-of-london/restaurant/la-dame-de-pic
539,Story,2019,51.50268,-0.07774,Bermondsey,Modern cuisine,N/A,https://guide.michelin.com/gb/en/greater-london/bermondsey/restaurant/story
540,Trinity,2019,51.46336,-0.14148,Clapham Common,Modern cuisine,N/A,https://guide.michelin.com/gb/en/greater-london/clapham-common/restaurant/trinity
541,Chez Bruce,2019,51.44607,-0.16553,Wandsworth,French,N/A,https://guide.michelin.com/gb/en/greater-london/wandsworth/restaurant/chez-bruce
542,Sorrel,2019,51.228825,-0.3346741,Dorking,Modern British,N/A,https://guide.michelin.com/gb/en/surrey/dorking/restaurant/sorrel545459
543,Restaurant Tristan,2019,51.062347,-0.326034,Horsham,Modern British,N/A,https://guide.michelin.com/gb/en/west-sussex/horsham/restaurant/restaurant-tristan
544,Gravetye Manor,2019,51.08932,-0.05691,Gravetye,Modern British,N/A,https://guide.michelin.com/gb/en/west-sussex/gravetye/restaurant/gravetye-manor
545,The Sportsman,2019,51.34392,0.95885,Seasalter,Modern British,N/A,https://guide.michelin.com/gb/en/kent/seasalter/restaurant/the-sportsman
546,West House,2019,51.11521,0.64215,Biddenden,Modern British,N/A,https://guide.michelin.com/gb/en/kent/biddenden/restaurant/west-house
547,Fordwich Arms,2019,51.295284,1.1261871,Fordwich,Modern cuisine,N/A,https://guide.michelin.com/gb/en/kent/fordwich/restaurant/fordwich-arms
548,Samphire,2019,49.18488,-2.1057,Saint Helier/Saint-Hélier,Modern cuisine,N/A,https://guide.michelin.com/gb/en/saint-helier/saint-helier-saint-helier/restaurant/samphire392987
549,Bohemia,2019,49.181225,-2.102417,Saint Helier/Saint-Hélier,Modern cuisine,N/A,https://guide.michelin.com/gb/en/saint-helier/saint-helier-saint-helier/restaurant/bohemia
